28.12.2016 03:16:16;uc1n310.localdomain;          1;          3;          4;          1;          1;         12;       2160;   1.000;.42128700;58.57009400;.00271200;1108.97349900;1168.12438965;1167.94934082;.17506801;1094.56730100;14.03095300;.10264700;1.96324000;295161856;247808000;      3;      2;      1;      1;      1;      0;      0;      0;
28.12.2016 03:35:57;uc1n310.localdomain;          2;          3;          4;          2;          1;         24;       4320;   1.000;.53350200;63.60133000;.00270100;1116.21989400;1180.46081543;1180.26879883;.19206899;1101.13880600;14.58455900;.20062100;6.74008400;492982272;268689408;      0;      0;      0;      0;      0;      0;      0;      0;
28.12.2016 03:35:57;uc1n310.localdomain;          2;          3;          4;          2;          1;         24;       4320;   1.000;.53527300;63.60083500;.00358400;1116.21420200;1180.45520020;1180.27014160;.18506600;1096.95168200;18.76669700;.20062900;6.74003200;492765184;269688832;      3;      2;      1;      1;      1;      0;      0;      0;
28.12.2016 03:56:09;uc1n310.localdomain;          4;          3;          8;          2;          1;         48;       8640;   1.000;.78739200;64.86032000;.00266600;1146.00326700;1211.82666016;1211.50451660;.32211700;1129.07943100;16.34178600;.25999100;6.55827700;606130176;310575104;      0;      0;      0;      0;      0;      0;      0;      0;
28.12.2016 03:56:09;uc1n310.localdomain;          4;          3;          8;          2;          1;         48;       8640;   1.000;.78928500;64.86032600;.00274500;1145.99664200;1211.83251953;1211.49438477;.33812100;1128.28818500;17.12422300;.26024900;6.55829000;605048832;310525952;      0;      0;      0;      0;      0;      0;      0;      0;
28.12.2016 03:56:09;uc1n310.localdomain;          4;          3;          8;          2;          1;         48;       8640;   1.000;.79271300;64.86017200;.00268700;1146.00031300;1211.82727051;1211.47912598;.34812599;1128.16582800;17.25421200;.25994100;6.55828800;604917760;310452224;      0;      0;      0;      0;      0;      0;      0;      0;
28.12.2016 03:56:09;uc1n310.localdomain;          4;          3;          8;          2;          1;         48;       8640;   1.000;.79418500;64.86033100;.00345000;1145.99739200;1211.82775879;1211.48266602;.34512401;1127.48447000;17.93021100;.26017000;6.55831900;603115520;309841920;      3;      2;      1;      1;      1;      0;      0;      0;
28.12.2016 04:18:03;uc1n310.localdomain;          8;          6;          8;          2;          1;         96;      17280;   1.000;1.49226000;75.67466900;.00265700;1236.78096300;1314.37927246;1313.86608887;.51318699;1193.52674400;42.43942200;.45317800;13.42078100;822333440;389906432;      0;      0;      0;      0;      0;      0;      0;      0;
28.12.2016 04:18:03;uc1n310.localdomain;          8;          6;          8;          2;          1;         96;      17280;   1.000;1.49443700;75.67458100;.00300000;1236.77915300;1314.38134766;1313.85717773;.52419102;1203.87182300;32.09132700;.45242100;13.42075900;824086528;389222400;      0;      0;      0;      0;      0;      0;      0;      0;
28.12.2016 04:18:03;uc1n310.localdomain;          8;          6;          8;          2;          1;         96;      17280;   1.000;1.49589500;75.67485900;.00392500;1236.77354100;1314.37683105;1313.85058594;.52618998;1199.22543700;36.72843700;.45242600;13.42086800;823808000;390098944;      3;      2;      3;      3;      3;      0;      0;      0;
28.12.2016 04:18:03;uc1n310.localdomain;          8;          6;          8;          2;          1;         96;      17280;   1.000;1.49645100;75.67470400;.00298100;1236.77616900;1314.37927246;1313.86303711;.51618701;1215.30041500;20.64356500;.45335000;13.42083900;826130432;390549504;      0;      0;      0;      0;      0;      0;      0;      0;
28.12.2016 04:18:03;uc1n310.localdomain;          8;          6;          8;          2;          1;         96;      17280;   1.000;1.50320000;75.67663000;.00329900;1236.77856500;1314.39233398;1313.87817383;.51418698;1202.03093400;33.93037700;.45332900;13.42081900;826847232;394211328;      0;      0;      0;      0;      0;      0;      0;      0;
28.12.2016 04:18:03;uc1n310.localdomain;          8;          6;          8;          2;          1;         96;      17280;   1.000;1.50444500;75.67679500;.00323300;1236.77600700;1314.39111328;1313.82495117;.56620502;1202.53362700;33.42111900;.45335500;13.42080900;823017472;390086656;      0;      0;      0;      0;      0;      0;      0;      0;
28.12.2016 04:18:03;uc1n310.localdomain;          8;          6;          8;          2;          1;         96;      17280;   1.000;1.50514700;75.67672600;.00298900;1236.77784000;1314.39831543;1313.83813477;.56020200;1191.10837700;44.84346000;.45331900;13.42082100;825704448;390651904;      0;      0;      0;      0;      0;      0;      0;      0;
28.12.2016 04:18:03;uc1n310.localdomain;          8;          6;          8;          2;          1;         96;      17280;   1.000;1.51129300;75.67543000;.00298900;1236.76781800;1314.38781738;1313.85461426;.53319103;1192.52047600;43.42181200;.45315200;13.42066400;826466304;391372800;      0;      0;      0;      0;      0;      0;      0;      0;
28.12.2016 04:39:53;uc1n310.localdomain;         12;          6;          8;          3;          1;        144;      25920;   1.000;2.05897400;82.99854200;.00366400;1224.20726800;1309.89685059;1309.20458984;.69225103;1193.93500800;29.22610300;.67494500;21.38011000;1040633856;469757952;      3;      2;      3;      3;      3;      0;      0;      0;
28.12.2016 04:39:53;uc1n310.localdomain;         12;          6;          8;          3;          1;        144;      25920;   1.000;2.06415800;82.99720800;.00344200;1224.21442300;1309.90551758;1309.16625977;.73926699;1194.38070000;28.78971300;.67535100;21.37967600;1055019008;473640960;      0;      0;      0;      0;      0;      0;      0;      0;
28.12.2016 04:39:53;uc1n310.localdomain;         12;          6;          8;          3;          1;        144;      25920;   1.000;2.06691700;82.99800200;.00296000;1224.21845400;1309.73217773;1309.06188965;.67024499;1123.43055500;99.76465400;.67440600;21.37961700;1043451904;472555520;      0;      0;      0;      0;      0;      0;      0;      0;
28.12.2016 04:39:53;uc1n310.localdomain;         12;          6;          8;          3;          1;        144;      25920;   1.000;2.07439900;82.99864400;.00316100;1224.21486900;1309.91467285;1309.17443848;.74027002;1193.78860000;29.37417600;.67542800;21.38018900;1045241856;470433792;      0;      0;      0;      0;      0;      0;      0;      0;
28.12.2016 04:39:53;uc1n310.localdomain;         12;          6;          8;          3;          1;        144;      25920;   1.000;2.07837700;82.99787600;.00288100;1224.21828900;1309.73767090;1309.08837891;.64923799;1123.87673000;99.31935700;.67445600;21.37968300;1040539648;470167552;      0;      0;      0;      0;      0;      0;      0;      0;
28.12.2016 04:39:53;uc1n310.localdomain;         12;          6;          8;          3;          1;        144;      25920;   1.000;2.07842100;82.99771700;.00335400;1224.21004800;1309.91760254;1309.19238281;.72526300;1193.81065300;29.35317600;.67491500;21.38001200;1044140032;470585344;      0;      0;      0;      0;      0;      0;      0;      0;
28.12.2016 04:39:53;uc1n310.localdomain;         12;          6;          8;          3;          1;        144;      25920;   1.000;2.08100300;82.99811500;.00288000;1224.21903400;1309.74279785;1309.10156250;.64123303;1123.14532300;100.04085500;.67481100;21.38010700;1045905408;469803008;      0;      0;      0;      0;      0;      0;      0;      0;
28.12.2016 04:39:53;uc1n310.localdomain;         12;          6;          8;          3;          1;        144;      25920;   1.000;2.08417800;82.99816600;.00312700;1224.21614700;1309.91967773;1309.15637207;.76327300;1199.47561000;23.68129100;.67466500;21.38004000;1048215552;470708224;      0;      0;      0;      0;      0;      0;      0;      0;
28.12.2016 04:39:53;uc1n310.localdomain;         12;          6;          8;          3;          1;        144;      25920;   1.000;2.08548400;82.99688800;.00348000;1224.20911600;1309.92089844;1309.21069336;.71025503;1193.80794300;29.36453400;.67541300;21.38001800;1045598208;471146496;      0;      0;      0;      0;      0;      0;      0;      0;
28.12.2016 04:39:53;uc1n310.localdomain;         12;          6;          8;          3;          1;        144;      25920;   1.000;2.08678600;82.99785900;.00344300;1224.21154800;1309.92907715;1309.18383789;.74526900;1193.77771200;29.38172600;.67489300;21.37972600;1054363648;473571328;      0;      0;      0;      0;      0;      0;      0;      0;
28.12.2016 04:39:53;uc1n310.localdomain;         12;          6;          8;          3;          1;        144;      25920;   1.000;2.08784800;82.99710500;.00324600;1224.19398800;1309.90954590;1309.18432617;.72525197;1194.31119800;28.83492000;.67526400;21.37960100;1052385280;472158208;      0;      0;      0;      0;      0;      0;      0;      0;
28.12.2016 04:39:53;uc1n310.localdomain;         12;          6;          8;          3;          1;        144;      25920;   1.000;2.08981000;82.99843700;.00315200;1224.21944300;1309.75170898;1309.05444336;.69725502;1124.25786200;98.93387200;.67460400;21.37995200;1045213184;473542656;      0;      0;      0;      0;      0;      0;      0;      0;
28.12.2016 05:01:49;uc1n310.localdomain;         16;          6;          8;          4;          1;        192;      34560;   1.000;2.66113700;83.38744100;.00515200;1228.85710000;1315.70996094;1314.80566406;.90433198;1193.60663800;34.18846400;.67720100;21.70967800;1258274816;547893248;      0;      0;      0;      0;      0;      0;      0;      0;
28.12.2016 05:01:49;uc1n310.localdomain;         16;          6;          8;          4;          1;        192;      34560;   1.000;2.66180500;83.38740900;.00959100;1228.84624300;1315.70446777;1314.78710938;.91733301;1193.94928400;33.84094600;.67810800;21.70970500;1259855872;549310464;      0;      0;      0;      0;      0;      0;      0;      0;
28.12.2016 05:01:49;uc1n310.localdomain;         16;          6;          8;          4;          1;        192;      34560;   1.000;2.66433400;83.38717700;.00999000;1228.84877200;1315.70739746;1314.79504395;.91233301;1196.17988600;31.60791700;.67811000;21.70968500;1259851776;549240832;      0;      0;      0;      0;      0;      0;      0;      0;
28.12.2016 05:01:49;uc1n310.localdomain;         16;          6;          8;          4;          1;        192;      34560;   1.000;2.66470800;83.38752400;.00999300;1228.84669300;1315.68627930;1314.74291992;.94333899;1195.46890900;32.32352000;.67814100;21.70983000;1260138496;548585472;      0;      0;      0;      0;      0;      0;      0;      0;
28.12.2016 05:01:49;uc1n310.localdomain;         16;          6;          8;          4;          1;        192;      34560;   1.000;2.66801200;83.38730200;.00317600;1228.86279500;1315.72924805;1314.73083496;.99836099;1194.38477500;33.43286000;.67801200;21.70981400;1277878272;548126720;      0;      0;      0;      0;      0;      0;      0;      0;
28.12.2016 05:01:49;uc1n310.localdomain;         16;          6;          8;          4;          1;        192;      34560;   1.000;2.66987800;83.38730300;.00901800;1228.85050200;1315.71716309;1314.80883789;.90832800;1194.24266100;33.56072200;.67820000;21.70975000;1267236864;550141952;      0;      0;      0;      0;      0;      0;      0;      0;
28.12.2016 05:01:49;uc1n310.localdomain;         16;          6;          8;          4;          1;        192;      34560;   1.000;2.67008500;83.38786900;.00378300;1228.85579900;1315.72473145;1314.80541992;.91932797;1202.07169900;25.72699700;.67843700;21.71003800;1259556864;548720640;      3;      2;      3;      3;      4;      0;      0;      0;
28.12.2016 05:01:49;uc1n310.localdomain;         16;          6;          8;          4;          1;        192;      34560;   1.000;2.67203700;83.38758200;.00999300;1228.84922900;1315.72778320;1314.80847168;.91933298;1193.55090000;34.25175900;.67837000;21.70987900;1261600768;548491264;      0;      0;      0;      0;      0;      0;      0;      0;
28.12.2016 05:01:49;uc1n310.localdomain;         16;          6;          8;          4;          1;        192;      34560;   1.000;2.67431700;83.38748600;.00611400;1228.85211900;1315.72155762;1314.78125000;.94033998;1194.05320500;33.74083800;.67828700;21.70983200;1264590848;551227392;      0;      0;      0;      0;      0;      0;      0;      0;
28.12.2016 05:01:49;uc1n310.localdomain;         16;          6;          8;          4;          1;        192;      34560;   1.000;2.67556300;83.38777700;.01068900;1228.84998500;1315.71972656;1314.81640625;.90332901;1193.38044800;34.42392300;.67833100;21.71002700;1260150784;553259008;      0;      0;      0;      0;      0;      0;      0;      0;
28.12.2016 05:01:49;uc1n310.localdomain;         16;          6;          8;          4;          1;        192;      34560;   1.000;2.67728700;83.38726000;.00395100;1228.85774100;1315.73449707;1314.84118652;.89332402;1193.86335600;33.93985800;.67757900;21.70972600;1266290688;551227392;      0;      0;      0;      0;      0;      0;      0;      0;
28.12.2016 05:01:49;uc1n310.localdomain;         16;          6;          8;          4;          1;        192;      34560;   1.000;2.67915300;83.38704000;.01198800;1228.84613200;1315.73266602;1314.78234863;.95034599;1192.88058000;34.92435300;.67724400;21.70982300;1272246272;548966400;      0;      0;      0;      0;      0;      0;      0;      0;
28.12.2016 05:01:49;uc1n310.localdomain;         16;          6;          8;          4;          1;        192;      34560;   1.000;2.68046100;83.38704900;.01040800;1228.84795200;1315.72607422;1314.75573730;.97034800;1192.52171400;35.26130300;.67785300;21.70973700;1275863040;553283584;      0;      0;      0;      0;      0;      0;      0;      0;
28.12.2016 05:01:49;uc1n310.localdomain;         16;          6;          8;          4;          1;        192;      34560;   1.000;2.68247400;83.38752700;.00907600;1228.84082700;1315.75061035;1314.80224609;.94833899;1199.71538000;28.08134400;.67770800;21.70989500;1264226304;549933056;      0;      0;      0;      0;      0;      0;      0;      0;
28.12.2016 05:01:49;uc1n310.localdomain;         16;          6;          8;          4;          1;        192;      34560;   1.000;2.68450700;83.38707400;.01040000;1228.84834500;1315.73132324;1314.77001953;.96135098;1195.61907500;32.16352300;.67809400;21.70974700;1271685120;548098048;      0;      0;      0;      0;      0;      0;      0;      0;
28.12.2016 05:01:49;uc1n310.localdomain;         16;          6;          8;          4;          1;        192;      34560;   1.000;2.69009900;83.38762400;.01099300;1228.84331600;1315.73974609;1314.82446289;.91533101;1195.25936900;32.54087500;.67776200;21.71007800;1265463296;550883328;      0;      0;      0;      0;      0;      0;      0;      0;
28.12.2016 05:24:23;uc1n310.localdomain;         24;          6;         12;          4;          1;        288;      51840;   1.000;9.93160900;92.68309300;.00385600;1249.39528600;1353.21166992;1350.50769043;2.70397997;1201.69216000;46.63663100;.68925600;29.95857000;1701380096;712970240;      0;      0;      0;      0;      0;      0;      0;      0;
28.12.2016 05:24:23;uc1n310.localdomain;         24;          6;         12;          4;          1;        288;      51840;   1.000;9.93734300;92.68247600;.00613300;1249.38889000;1353.20617676;1350.63623047;2.56993794;1198.81696600;49.49751000;.69138900;29.95751800;1686941696;710262784;      0;      0;      0;      0;      0;      0;      0;      0;
28.12.2016 05:24:23;uc1n310.localdomain;         24;          6;         12;          4;          1;        288;      51840;   1.000;9.94222100;92.68436100;.00607300;1249.39098900;1353.22509766;1350.60412598;2.62094498;1206.24358300;42.08943100;.69119800;29.95942900;1701470208;713330688;      0;      0;      0;      0;      0;      0;      0;      0;
28.12.2016 05:24:23;uc1n310.localdomain;         24;          6;         12;          4;          1;        288;      51840;   1.000;9.94297900;92.69023400;.00483900;1249.39652900;1353.23876953;1350.64880371;2.58994102;1194.45569800;53.86591600;.69102300;29.96545800;1688883200;712683520;      0;      0;      0;      0;      0;      0;      0;      0;
28.12.2016 05:24:23;uc1n310.localdomain;         24;          6;         12;          4;          1;        288;      51840;   1.000;9.94602600;92.68168100;.00597400;1249.38802700;1353.20654297;1350.59655762;2.60996699;1194.35988900;53.96889600;.69138700;29.95690900;1692442624;711933952;      0;      0;      0;      0;      0;      0;      0;      0;
28.12.2016 05:24:23;uc1n310.localdomain;         24;          6;         12;          4;          1;        288;      51840;   1.000;9.94743500;92.68933800;.00554100;1249.39159100;1353.22534180;1350.61743164;2.60796809;1200.89502600;47.42682400;.69065500;29.96482300;1701109760;713580544;      0;      0;      0;      0;      0;      0;      0;      0;
28.12.2016 05:24:23;uc1n310.localdomain;         24;          6;         12;          4;          1;        288;      51840;   1.000;9.94766000;92.68417100;.00332000;1249.40059100;1353.22851562;1350.70166016;2.52691197;1223.22516900;25.10166600;.68922700;29.96095400;1700622336;714067968;      0;      0;      0;      0;      0;      0;      0;      0;
28.12.2016 05:24:23;uc1n310.localdomain;         24;          6;         12;          4;          1;        288;      51840;   1.000;9.94793000;92.67825200;.00594600;1249.39125100;1353.24291992;1350.65295410;2.58994508;1193.74614600;54.56851200;.69036100;29.95339300;1694318592;708554752;      0;      0;      0;      0;      0;      0;      0;      0;
28.12.2016 05:24:23;uc1n310.localdomain;         24;          6;         12;          4;          1;        288;      51840;   1.000;9.94986200;92.68375700;.00423100;1249.39984400;1353.23364258;1350.65173340;2.58195901;1194.14515200;54.19992200;.69015000;29.95971800;1701683200;718147584;      0;      0;      0;      0;      0;      0;      0;      0;
28.12.2016 05:24:23;uc1n310.localdomain;         24;          6;         12;          4;          1;        288;      51840;   1.000;9.95040500;92.67967700;.00395200;1249.38525900;1353.22253418;1350.65161133;2.57091999;1193.97676900;54.34354100;.69040800;29.95561700;1694605312;711544832;      0;      0;      0;      0;      0;      0;      0;      0;
28.12.2016 05:24:23;uc1n310.localdomain;         24;          6;         12;          4;          1;        288;      51840;   1.000;9.95062700;92.68517900;.00574000;1249.39017800;1353.21801758;1350.64904785;2.56893897;1210.95810100;37.37099600;.69074200;29.96054300;1701609472;713986048;      0;      0;      0;      0;      0;      0;      0;      0;
28.12.2016 05:24:23;uc1n310.localdomain;         24;          6;         12;          4;          1;        288;      51840;   1.000;9.95268300;92.67594800;.00384700;1249.39559800;1353.23217773;1350.71228027;2.51992702;1196.92410700;51.39925100;.69098300;29.95112800;1690308608;710696960;      0;      0;      0;      0;      0;      0;      0;      0;
28.12.2016 05:24:23;uc1n310.localdomain;         24;          6;         12;          4;          1;        288;      51840;   1.000;9.95399700;92.68418700;.00447700;1249.39946900;1353.23510742;1350.56713867;2.66797590;1215.41311300;32.92537900;.69069500;29.95965400;1704067072;718295040;      0;      0;      0;      0;      0;      0;      0;      0;
28.12.2016 05:24:23;uc1n310.localdomain;         24;          6;         12;          4;          1;        288;      51840;   1.000;9.95506000;92.67423200;.00395000;1249.39648500;1353.22314453;1350.60913086;2.61396408;1193.16601700;55.15760600;.69073900;29.94918800;1691516928;711950336;      0;      0;      0;      0;      0;      0;      0;      0;
28.12.2016 05:24:23;uc1n310.localdomain;         24;          6;         12;          4;          1;        288;      51840;   1.000;9.95751400;92.69220900;.00656800;1249.38422100;1353.24523926;1350.68725586;2.55793691;1193.37692900;54.93070700;.69103100;29.96715800;1684054016;710434816;      3;      2;      4;      3;      4;      0;      0;      0;
28.12.2016 05:24:23;uc1n310.localdomain;         24;          6;         12;          4;          1;        288;      51840;   1.000;9.95782600;92.68180100;.00405700;1249.40122400;1353.24035645;1350.54138184;2.69899297;1196.48692600;51.85778500;.68970300;29.95732000;1701052416;718237696;      0;      0;      0;      0;      0;      0;      0;      0;
28.12.2016 05:24:23;uc1n317.localdomain;         24;          6;         12;          4;          1;        288;      51840;   1.000;3.92677000;92.56826600;.00369300;1249.40587200;1347.09448242;1345.98205566;1.11243296;1199.34354300;48.98308500;.69065300;29.84528700;1660567552;710955008;      0;      0;      0;      0;      0;      0;      0;      0;
28.12.2016 05:24:23;uc1n317.localdomain;         24;          6;         12;          4;          1;        288;      51840;   1.000;3.92690300;92.57707900;.00350300;1249.40544000;1347.11047363;1346.03210449;1.07842302;1193.51753200;54.80777800;.69001400;29.85401500;1659977728;711995392;      0;      0;      0;      0;      0;      0;      0;      0;
28.12.2016 05:24:23;uc1n317.localdomain;         24;          6;         12;          4;          1;        288;      51840;   1.000;3.92808500;92.56514500;.00365900;1249.40497800;1347.08911133;1345.79162598;1.29750705;1192.67532300;55.66338200;.69051300;29.84234100;1661550592;711815168;      0;      0;      0;      0;      0;      0;      0;      0;
28.12.2016 05:24:23;uc1n317.localdomain;         24;          6;         12;          4;          1;        288;      51840;   1.000;3.92990200;92.57628800;.00339500;1249.40458500;1347.11206055;1346.02160645;1.09043097;1200.36859500;47.96445500;.69003000;29.85322700;1657704448;712646656;      0;      0;      0;      0;      0;      0;      0;      0;
28.12.2016 05:24:23;uc1n317.localdomain;         24;          6;         12;          4;          1;        288;      51840;   1.000;3.93695600;92.57834000;.00326700;1249.40421300;1347.11755371;1345.95910645;1.15844703;1192.88177600;55.44000200;.69002400;29.85517200;1657921536;713056256;      0;      0;      0;      0;      0;      0;      0;      0;
28.12.2016 05:24:23;uc1n317.localdomain;         24;          6;         12;          4;          1;        288;      51840;   1.000;3.93749000;92.57414200;.00347600;1249.40470200;1347.11474609;1345.98730469;1.12743604;1191.77572100;56.55545900;.69070500;29.85106500;1659219968;711720960;      0;      0;      0;      0;      0;      0;      0;      0;
28.12.2016 05:24:23;uc1n317.localdomain;         24;          6;         12;          4;          1;        288;      51840;   1.000;3.94581800;92.56205900;.00358800;1249.39528400;1347.10400391;1346.02453613;1.07941306;1193.78184200;54.54600800;.69063100;29.83993300;1664196608;712773632;      0;      0;      0;      0;      0;      0;      0;      0;
28.12.2016 05:24:23;uc1n317.localdomain;         24;          6;         12;          4;          1;        288;      51840;   1.000;3.95780700;92.56855200;.00369500;1249.34689400;1347.08337402;1345.95495605;1.12838900;1192.99279700;55.29340600;.69033000;29.84867700;1671168000;715485184;      0;      0;      0;      0;      0;      0;      0;      0;
28.12.2016 05:46:55;uc1n310.localdomain;         32;          6;         16;          4;          1;        384;      69120;   1.000;5.09041700;93.15249200;.00297300;1251.95367700;1351.76147461;1350.02990723;1.73161995;1195.26806600;55.60849000;.69507800;30.19499700;2094800896;871596032;      0;      0;      0;      0;      0;      0;      0;      0;
28.12.2016 05:46:55;uc1n310.localdomain;         32;          6;         16;          4;          1;        384;      69120;   1.000;5.09085500;93.14414900;.01116900;1251.95270800;1351.75061035;1350.05200195;1.69861197;1195.07376300;55.80372800;.69578300;30.18569900;2097373184;872763392;      0;      0;      0;      0;      0;      0;      0;      0;
28.12.2016 05:46:55;uc1n310.localdomain;         32;          6;         16;          4;          1;        384;      69120;   1.000;5.09150600;93.15721500;.00349600;1251.96034300;1351.76672363;1350.08007812;1.68662596;1195.70912300;55.16243900;.69603600;30.19858800;2097401856;871583744;      0;      0;      0;      0;      0;      0;      0;      0;
28.12.2016 05:46:55;uc1n310.localdomain;         32;          6;         16;          4;          1;        384;      69120;   1.000;5.09301900;93.15577000;.01099000;1251.94738200;1351.76416016;1350.07055664;1.69361901;1195.11904500;55.71838800;.69511300;30.19780500;2106380288;877158400;      0;      0;      0;      0;      0;      0;      0;      0;
28.12.2016 05:46:55;uc1n310.localdomain;         32;          6;         16;          4;          1;        384;      69120;   1.000;5.09415900;93.14873300;.00621200;1251.95912300;1351.75793457;1349.99328613;1.76463902;1193.97537000;56.91451400;.69461400;30.19032600;2091737088;874721280;      0;      0;      0;      0;      0;      0;      0;      0;
28.12.2016 05:46:55;uc1n310.localdomain;         32;          6;         16;          4;          1;        384;      69120;   1.000;5.09737600;93.16671200;.01146300;1251.94997100;1351.78515625;1350.10449219;1.68061495;1193.60706900;57.23493200;.69577800;30.20865800;2105266176;880812032;      0;      0;      0;      0;      0;      0;      0;      0;
28.12.2016 05:46:55;uc1n310.localdomain;         32;          6;         16;          4;          1;        384;      69120;   1.000;5.09747100;93.15191100;.01132100;1251.94870700;1351.76782227;1349.99316406;1.77465296;1195.92682800;54.91537100;.69596100;30.19390500;2105704448;882167808;      0;      0;      0;      0;      0;      0;      0;      0;
28.12.2016 05:46:55;uc1n310.localdomain;         32;          6;         16;          4;          1;        384;      69120;   1.000;5.09749300;93.16618900;.01168300;1251.95030300;1351.78222656;1350.12255859;1.65961397;1194.66922200;56.17791500;.69495500;30.20806600;2105286656;882233344;      0;      0;      0;      0;      0;      0;      0;      0;
28.12.2016 05:46:55;uc1n310.localdomain;         32;          6;         16;          4;          1;        384;      69120;   1.000;5.09856800;93.15030900;.01021300;1251.94584800;1351.76306152;1350.08349609;1.67962098;1197.28290800;53.58272400;.69501200;30.19179400;2092109824;870453248;      0;      0;      0;      0;      0;      0;      0;      0;
28.12.2016 05:46:55;uc1n310.localdomain;         32;          6;         16;          4;          1;        384;      69120;   1.000;5.09868800;93.16958200;.01044400;1251.94774500;1351.79162598;1350.10095215;1.69061697;1194.41464700;56.42375600;.69492500;30.21160800;2105384960;880877568;      0;      0;      0;      0;      0;      0;      0;      0;
28.12.2016 05:46:55;uc1n310.localdomain;         32;          6;         16;          4;          1;        384;      69120;   1.000;5.10067900;93.13457200;.00950000;1251.95354600;1351.77502441;1350.01342773;1.76164103;1193.47042700;57.40252800;.69503200;30.17647200;2100994048;874749952;      0;      0;      0;      0;      0;      0;      0;      0;
28.12.2016 05:46:55;uc1n310.localdomain;         32;          6;         16;          4;          1;        384;      69120;   1.000;5.10072600;93.14110200;.00899900;1251.95479300;1351.76220703;1350.07153320;1.69062304;1197.32621100;53.52639900;.69614000;30.18297900;2097508352;876736512;      0;      0;      0;      0;      0;      0;      0;      0;
28.12.2016 05:46:55;uc1n310.localdomain;         32;          6;         16;          4;          1;        384;      69120;   1.000;5.10375200;93.14594800;.01140200;1251.94925800;1351.76855469;1350.05090332;1.71762896;1194.16293000;56.68350000;.69564800;30.18789000;2102464512;874070016;      0;      0;      0;      0;      0;      0;      0;      0;
28.12.2016 05:46:55;uc1n310.localdomain;         32;          6;         16;          4;          1;        384;      69120;   1.000;5.11343200;93.14641400;.01143600;1251.94524700;1351.75598145;1350.07434082;1.68160403;1194.89855500;55.95239900;.69657200;30.18815800;2094047232;873594880;      0;      0;      0;      0;      0;      0;      0;      0;
28.12.2016 05:46:55;uc1n310.localdomain;         32;          6;         16;          4;          1;        384;      69120;   1.000;5.11378700;93.17565800;.01100200;1251.94649900;1351.79077148;1350.08911133;1.70162904;1200.67249800;50.18278500;.69636700;30.21703200;2092916736;870002688;      3;      2;      4;      3;      4;      0;      0;      0;
28.12.2016 05:46:55;uc1n310.localdomain;         32;          6;         16;          4;          1;        384;      69120;   1.000;5.13058700;93.13080500;.01077800;1251.94893100;1351.77758789;1349.98693848;1.79064906;1228.33339200;22.53757800;.69599800;30.17210100;2089955328;872800256;      0;      0;      0;      0;      0;      0;      0;      0;
28.12.2016 05:46:55;uc1n317.localdomain;         32;          6;         16;          4;          1;        384;      69120;   1.000;5.09245000;93.13947700;.00799700;1251.95345200;1351.73535156;1350.15771484;1.57757795;1201.69816600;49.15835000;.69585000;30.18104900;2090905600;870600704;      0;      0;      0;      0;      0;      0;      0;      0;
28.12.2016 05:46:55;uc1n317.localdomain;         32;          6;         16;          4;          1;        384;      69120;   1.000;5.11738800;93.14970800;.00579600;1251.95656100;1351.77612305;1350.19848633;1.57760000;1194.08262900;56.77797400;.69626100;30.19129800;2087706624;869879808;      0;      0;      0;      0;      0;      0;      0;      0;
28.12.2016 05:46:55;uc1n317.localdomain;         32;          6;         16;          4;          1;        384;      69120;   1.000;5.12308100;93.13238800;.00352500;1251.96188500;1351.76623535;1350.21362305;1.55258405;1196.43080600;54.43891200;.69624900;30.17393800;2091868160;874946560;      0;      0;      0;      0;      0;      0;      0;      0;
28.12.2016 05:46:55;uc1n317.localdomain;         32;          6;         16;          4;          1;        384;      69120;   1.000;5.12600600;93.13639000;.00763200;1251.95072500;1351.76245117;1350.12280273;1.63959396;1189.50055900;61.34547000;.69578400;30.17806800;2094043136;874287104;      0;      0;      0;      0;      0;      0;      0;      0;
28.12.2016 05:46:55;uc1n317.localdomain;         32;          6;         16;          4;          1;        384;      69120;   1.000;5.14086100;93.13990700;.00499000;1251.96074200;1351.77526855;1350.20568848;1.56956303;1194.30815500;56.58336300;.69521500;30.18191600;2109763584;881917952;      0;      0;      0;      0;      0;      0;      0;      0;
28.12.2016 05:46:55;uc1n317.localdomain;         32;          6;         16;          4;          1;        384;      69120;   1.000;5.14131500;93.13457100;.00303300;1251.96453600;1351.77893066;1350.16735840;1.61158597;1192.88861100;57.98711900;.69583900;30.17620200;2094555136;870912000;      0;      0;      0;      0;      0;      0;      0;      0;
28.12.2016 05:46:55;uc1n317.localdomain;         32;          6;         16;          4;          1;        384;      69120;   1.000;5.15018700;93.11881900;.00837200;1251.95218300;1351.77368164;1350.18505859;1.58858800;1194.48441400;56.36823000;.69673700;30.16054300;2097532928;871837696;      0;      0;      0;      0;      0;      0;      0;      0;
28.12.2016 05:46:55;uc1n317.localdomain;         32;          6;         16;          4;          1;        384;      69120;   1.000;5.15247600;93.12829600;.00437200;1251.96022200;1351.74389648;1350.12231445;1.62159002;1193.49460300;57.36678100;.69636400;30.17010200;2087944192;873787392;      0;      0;      0;      0;      0;      0;      0;      0;
28.12.2016 05:46:55;uc1n317.localdomain;         32;          6;         16;          4;          1;        384;      69120;   1.000;5.15622000;93.12799500;.00846500;1251.89048700;1351.69958496;1350.13208008;1.56749499;1193.49632700;57.31568500;.69605000;30.17193800;2102177792;878415872;      0;      0;      0;      0;      0;      0;      0;      0;
28.12.2016 05:46:55;uc1n317.localdomain;         32;          6;         16;          4;          1;        384;      69120;   1.000;5.15671100;93.13396300;.00413500;1251.96264000;1351.78698730;1350.17041016;1.61657500;1194.80263200;56.06697100;.69567700;30.17583200;2106093568;873971712;      0;      0;      0;      0;      0;      0;      0;      0;
28.12.2016 05:46:55;uc1n317.localdomain;         32;          6;         16;          4;          1;        384;      69120;   1.000;5.16150600;93.13626500;.00840000;1251.95284600;1351.78198242;1350.21643066;1.56556904;1194.49451200;56.37282200;.69498700;30.17796400;2105028608;873099264;      0;      0;      0;      0;      0;      0;      0;      0;
28.12.2016 05:46:55;uc1n317.localdomain;         32;          6;         16;          4;          1;        384;      69120;   1.000;5.16167200;93.13327900;.00862600;1251.94157700;1351.77856445;1350.21398926;1.56456006;1193.43613000;57.42486700;.69575500;30.17554100;2102243328;883195904;      0;      0;      0;      0;      0;      0;      0;      0;
28.12.2016 05:46:55;uc1n317.localdomain;         32;          6;         16;          4;          1;        384;      69120;   1.000;5.16515700;93.12157000;.00830200;1251.95344100;1351.77233887;1350.18176270;1.59057796;1192.52412200;58.33530200;.69501600;30.16346900;2116603904;880738304;      0;      0;      0;      0;      0;      0;      0;      0;
28.12.2016 05:46:55;uc1n317.localdomain;         32;          6;         16;          4;          1;        384;      69120;   1.000;5.16793500;93.11627500;.00285800;1251.96470200;1351.78002930;1350.12145996;1.65860701;1194.27129900;56.60528500;.69623300;30.15793600;2095816704;870047744;      0;      0;      0;      0;      0;      0;      0;      0;
28.12.2016 05:46:55;uc1n317.localdomain;         32;          6;         16;          4;          1;        384;      69120;   1.000;5.16823500;93.12560700;.00734600;1251.95492200;1351.78344727;1350.15380859;1.62959397;1194.67713000;56.20853200;.69570100;30.16736500;2105982976;881983488;      0;      0;      0;      0;      0;      0;      0;      0;
28.12.2016 05:46:55;uc1n317.localdomain;         32;          6;         16;          4;          1;        384;      69120;   1.000;5.16958200;93.11734600;.00898000;1251.95036200;1351.78735352;1350.11779785;1.66961300;1193.10801600;57.75268800;.69609700;30.15929300;2091163648;874557440;      0;      0;      0;      0;      0;      0;      0;      0;
28.12.2016 06:10:33;uc1n310.localdomain;          1;          3;          4;          1;          1;         12;       2160;   1.000;.41821500;58.42619900;.00371200;1107.77419400;1166.73864746;1166.55859375;.18006501;1093.34179400;14.04774600;.10193400;1.98042300;295161856;247808000;      3;      2;      1;      1;      1;      0;      0;      0;
28.12.2016 06:30:08;uc1n310.localdomain;          2;          3;          4;          2;          1;         24;       4320;   1.000;.53112600;63.31765600;.00382700;1110.67301700;1174.61962891;1174.44958496;.17006101;1094.96326100;15.21390800;.20037500;6.71805900;492953600;269877248;      3;      2;      1;      1;      1;      0;      0;      0;
28.12.2016 06:30:08;uc1n310.localdomain;          2;          3;          4;          2;          1;         24;       4320;   1.000;.55091100;63.31745700;.00304000;1110.67428100;1174.64160156;1174.45849609;.18306600;1095.53200100;14.66078300;.20009100;6.71805700;494030848;269737984;      0;      0;      0;      0;      0;      0;      0;      0;
28.12.2016 06:50:22;uc1n310.localdomain;          4;          3;          8;          2;          1;         48;       8640;   1.000;.77504300;65.08061200;.00276100;1147.65470500;1213.67504883;1213.38696289;.28810400;1129.65590200;17.41661100;.25892400;6.56743000;606130176;310579200;      0;      0;      0;      0;      0;      0;      0;      0;
28.12.2016 06:50:22;uc1n310.localdomain;          4;          3;          8;          2;          1;         48;       8640;   1.000;.77959400;65.08064600;.00286400;1147.65368900;1213.67712402;1213.39306641;.28410301;1128.08244000;18.99002700;.25890100;6.56740000;605110272;310648832;      0;      0;      0;      0;      0;      0;      0;      0;
28.12.2016 06:50:22;uc1n310.localdomain;          4;          3;          8;          2;          1;         48;       8640;   1.000;.77992800;65.08048500;.00298900;1147.63981800;1213.66943359;1213.35937500;.31010801;1128.21356700;18.84819600;.25918200;6.56745100;604291072;309751808;      0;      0;      0;      0;      0;      0;      0;      0;
28.12.2016 06:50:22;uc1n310.localdomain;          4;          3;          8;          2;          1;         48;       8640;   1.000;.78246100;65.08071300;.00361200;1147.64984500;1213.67907715;1213.38293457;.29610601;1130.62698000;16.43724300;.25912400;6.56740700;604000256;310689792;      3;      2;      1;      1;      1;      0;      0;      0;
28.12.2016 07:12:10;uc1n310.localdomain;          8;          6;          8;          2;          1;         96;      17280;   1.000;1.45397700;75.37693300;.00311900;1231.38868600;1308.62780762;1308.21166992;.41615000;1193.16269700;37.40042700;.45231800;13.39815300;826847232;394207232;      0;      0;      0;      0;      0;      0;      0;      0;
28.12.2016 07:12:10;uc1n310.localdomain;          8;          6;          8;          2;          1;         96;      17280;   1.000;1.45678200;75.37717400;.00294200;1231.38931100;1308.62866211;1308.22851562;.40014601;1209.45052100;21.10967600;.45239800;13.39809300;823222272;390270976;      0;      0;      0;      0;      0;      0;      0;      0;
28.12.2016 07:12:10;uc1n310.localdomain;          8;          6;          8;          2;          1;         96;      17280;   1.000;1.45963500;75.37706900;.00303700;1231.38725600;1308.63061523;1308.17846680;.45216599;1192.76645300;37.80030200;.45134500;13.39809000;822362112;389103616;      0;      0;      0;      0;      0;      0;      0;      0;
28.12.2016 07:12:10;uc1n310.localdomain;          8;          6;          8;          2;          1;         96;      17280;   1.000;1.46050400;75.37697800;.00308500;1231.38723100;1308.64367676;1308.22155762;.42215201;1193.31823300;37.23643700;.45234400;13.39815800;827166720;391528448;      0;      0;      0;      0;      0;      0;      0;      0;
28.12.2016 07:12:10;uc1n310.localdomain;          8;          6;          8;          2;          1;         96;      17280;   1.000;1.46106300;75.37681500;.00322800;1231.38591300;1308.63354492;1308.20837402;.42515400;1193.67798200;36.88830200;.45232800;13.39815600;826679296;391495680;      0;      0;      0;      0;      0;      0;      0;      0;
28.12.2016 07:12:10;uc1n310.localdomain;          8;          6;          8;          2;          1;         96;      17280;   1.000;1.46535300;75.37678500;.00306500;1231.36782300;1308.61816406;1308.20507812;.41314301;1200.84757100;29.70822400;.45133100;13.39816600;825577472;390569984;      0;      0;      0;      0;      0;      0;      0;      0;
28.12.2016 07:12:10;uc1n310.localdomain;          8;          6;          8;          2;          1;         96;      17280;   1.000;1.46645400;75.37712200;.00294000;1231.38607600;1308.63830566;1308.20812988;.43015701;1201.02739000;29.54000000;.45052800;13.39813200;825196544;390168576;      0;      0;      0;      0;      0;      0;      0;      0;
28.12.2016 07:12:10;uc1n310.localdomain;          8;          6;          8;          2;          1;         96;      17280;   1.000;1.47302400;75.37748300;.00347300;1231.38188500;1308.63146973;1308.21130371;.42015201;1193.60151500;36.94766400;.45248600;13.39822000;823029760;390430720;      3;      2;      3;      3;      3;      0;      0;      0;
28.12.2016 07:33:58;uc1n310.localdomain;         12;          6;          8;          3;          1;        144;      25920;   1.000;2.06483300;82.77330800;.00399700;1222.32004900;1307.73828125;1307.18103027;.55720103;1193.09290800;28.19791200;.66919300;21.34384300;1039765504;469065728;      3;      2;      3;      3;      3;      0;      0;      0;
28.12.2016 07:33:58;uc1n310.localdomain;         12;          6;          8;          3;          1;        144;      25920;   1.000;2.07438900;82.77234900;.00314700;1222.32628900;1307.76916504;1307.17395020;.59521800;1195.78962700;25.49242700;.66881200;21.34360000;1053941760;472424448;      0;      0;      0;      0;      0;      0;      0;      0;
28.12.2016 07:33:58;uc1n310.localdomain;         12;          6;          8;          3;          1;        144;      25920;   1.000;2.08360400;82.77109700;.00399400;1222.31411300;1307.76684570;1307.13061523;.63622600;1193.57120000;27.68911200;.66910100;21.34286200;1053147136;471883776;      0;      0;      0;      0;      0;      0;      0;      0;
28.12.2016 07:33:58;uc1n310.localdomain;         12;          6;          8;          3;          1;        144;      25920;   1.000;2.08462800;82.77239300;.00325600;1222.32031300;1307.77233887;1307.13415527;.63823199;1192.80495400;28.47432300;.66931000;21.34346300;1045598208;471195648;      0;      0;      0;      0;      0;      0;      0;      0;
28.12.2016 07:33:58;uc1n310.localdomain;         12;          6;          8;          3;          1;        144;      25920;   1.000;2.08577500;82.77286500;.00346900;1222.32490400;1307.78173828;1307.15649414;.62522799;1193.79934800;27.48145800;.66929800;21.34367200;1045229568;470618112;      0;      0;      0;      0;      0;      0;      0;      0;
28.12.2016 07:33:58;uc1n310.localdomain;         12;          6;          8;          3;          1;        144;      25920;   1.000;2.08670000;82.77241500;.00344500;1222.32553800;1307.78222656;1307.17700195;.60522097;1194.17915600;27.10233900;.66800100;21.34348700;1045172224;471625728;      0;      0;      0;      0;      0;      0;      0;      0;
28.12.2016 07:33:58;uc1n310.localdomain;         12;          6;          8;          3;          1;        144;      25920;   1.000;2.08787500;82.77272200;.00263300;1222.33174200;1307.60803223;1307.09179688;.51618898;1124.28631500;97.04156600;.66833600;21.34334200;1039687680;471560192;      0;      0;      0;      0;      0;      0;      0;      0;
28.12.2016 07:33:58;uc1n310.localdomain;         12;          6;          8;          3;          1;        144;      25920;   1.000;2.08870200;82.77257700;.00319900;1222.32344800;1307.79846191;1307.16027832;.63823402;1193.86208600;27.42664400;.66912900;21.34326600;1048272896;470888448;      0;      0;      0;      0;      0;      0;      0;      0;
28.12.2016 07:33:58;uc1n310.localdomain;         12;          6;          8;          3;          1;        144;      25920;   1.000;2.08902000;82.77297700;.00298200;1222.33049300;1307.61096191;1307.08972168;.52118999;1124.71848700;96.61908000;.66854500;21.34344100;1044504576;471285760;      0;      0;      0;      0;      0;      0;      0;      0;
28.12.2016 07:33:58;uc1n310.localdomain;         12;          6;          8;          3;          1;        144;      25920;   1.000;2.09228800;82.77229500;.00337300;1222.32174900;1307.78588867;1307.19262695;.59321803;1195.52561300;25.76019400;.66868800;21.34342700;1053310976;472580096;      0;      0;      0;      0;      0;      0;      0;      0;
28.12.2016 07:33:58;uc1n310.localdomain;         12;          6;          8;          3;          1;        144;      25920;   1.000;2.10232600;82.77286500;.00299700;1222.32509100;1307.62475586;1307.06152344;.56320500;1123.81234700;97.51048200;.66857100;21.34340800;1045884928;471957504;      0;      0;      0;      0;      0;      0;      0;      0;
28.12.2016 07:33:58;uc1n310.localdomain;         12;          6;          8;          3;          1;        144;      25920;   1.000;2.10311900;82.77283900;.00292700;1222.32842500;1307.62426758;1307.05810547;.56620598;1145.21834800;76.11099700;.66855700;21.34339300;1044176896;470417408;      0;      0;      0;      0;      0;      0;      0;      0;
28.12.2016 07:55:51;uc1n310.localdomain;         16;          6;          8;          4;          1;        192;      34560;   1.000;2.62766000;83.10971000;.01000200;1225.63347500;1312.15136719;1311.43408203;.71726000;1194.24510000;30.32517700;.67406400;21.63872100;1261146112;549621760;      0;      0;      0;      0;      0;      0;      0;      0;
28.12.2016 07:55:51;uc1n310.localdomain;         16;          6;          8;          4;          1;        192;      34560;   1.000;2.63002200;83.10998300;.00628300;1225.63977300;1312.16259766;1311.45629883;.70625699;1194.90360700;29.68953400;.67384100;21.63863200;1259302912;549216256;      0;      0;      0;      0;      0;      0;      0;      0;
28.12.2016 07:55:51;uc1n310.localdomain;         16;          6;          8;          4;          1;        192;      34560;   1.000;2.63689000;83.11007400;.00924700;1225.63414900;1312.16564941;1311.45434570;.71126097;1193.99027300;30.60597100;.67480400;21.63874200;1260609536;549982208;      0;      0;      0;      0;      0;      0;      0;      0;
28.12.2016 07:55:51;uc1n310.localdomain;         16;          6;          8;          4;          1;        192;      34560;   1.000;2.64130700;83.11040300;.00999600;1225.63382700;1312.16882324;1311.42761230;.74126899;1196.97005800;27.62255900;.67434700;21.63880300;1261613056;548499456;      0;      0;      0;      0;      0;      0;      0;      0;
28.12.2016 07:55:51;uc1n310.localdomain;         16;          6;          8;          4;          1;        192;      34560;   1.000;2.64170000;83.11002500;.00433900;1225.64380000;1312.17749023;1311.43920898;.73826599;1194.14274500;30.45924300;.67391100;21.63858200;1259827200;549302272;      0;      0;      0;      0;      0;      0;      0;      0;
28.12.2016 07:55:51;uc1n310.localdomain;         16;          6;          8;          4;          1;        192;      34560;   1.000;2.64315500;83.11029000;.00994200;1225.63568500;1312.17382812;1311.45458984;.71926302;1194.04441800;30.56411300;.67512100;21.63893200;1261125632;552185856;      0;      0;      0;      0;      0;      0;      0;      0;
28.12.2016 07:55:51;uc1n310.localdomain;         16;          6;          8;          4;          1;        192;      34560;   1.000;2.64339300;83.10939700;.00900100;1225.62641800;1312.16040039;1311.40917969;.75126702;1194.34484700;30.25231200;.67514600;21.63872900;1264160768;550858752;      0;      0;      0;      0;      0;      0;      0;      0;
28.12.2016 07:55:51;uc1n310.localdomain;         16;          6;          8;          4;          1;        192;      34560;   1.000;2.64343100;83.10984300;.00959400;1225.63367600;1312.16809082;1311.37683105;.79128700;1193.88657400;30.68622700;.67506400;21.63868700;1265352704;550047744;      0;      0;      0;      0;      0;      0;      0;      0;
28.12.2016 07:55:51;uc1n310.localdomain;         16;          6;          8;          4;          1;        192;      34560;   1.000;2.64415100;83.11021800;.00584700;1225.63999000;1312.17590332;1311.40966797;.76627702;1193.38247900;31.22283300;.67441700;21.63880400;1264390144;549834752;      0;      0;      0;      0;      0;      0;      0;      0;
28.12.2016 07:55:51;uc1n310.localdomain;         16;          6;          8;          4;          1;        192;      34560;   1.000;2.64439900;83.11015400;.00999600;1225.63379700;1312.15283203;1311.42260742;.73026401;1197.14600900;27.43515400;.67411100;21.63873800;1268252672;551178240;      0;      0;      0;      0;      0;      0;      0;      0;
28.12.2016 07:55:51;uc1n310.localdomain;         16;          6;          8;          4;          1;        192;      34560;   1.000;2.64840100;83.10986700;.00900300;1225.63177600;1312.17932129;1311.41906738;.76027799;1194.67594500;29.90929800;.67507800;21.63870800;1264566272;550195200;      0;      0;      0;      0;      0;      0;      0;      0;
28.12.2016 07:55:51;uc1n310.localdomain;         16;          6;          8;          4;          1;        192;      34560;   1.000;2.65124000;83.11035700;.00410200;1225.64140600;1312.17248535;1311.47326660;.69925499;1193.95249600;30.64348400;.67510100;21.63905600;1259757568;548950016;      3;      2;      3;      3;      4;      0;      0;      0;
28.12.2016 07:55:51;uc1n310.localdomain;         16;          6;          8;          4;          1;        192;      34560;   1.000;2.65355300;83.10978600;.00934600;1225.63480700;1312.18322754;1311.36389160;.81929803;1196.07401100;28.50344500;.67367800;21.63865400;1278918656;549154816;      0;      0;      0;      0;      0;      0;      0;      0;
28.12.2016 07:55:51;uc1n310.localdomain;         16;          6;          8;          4;          1;        192;      34560;   1.000;2.65661600;83.10973000;.00478900;1225.64310200;1312.22021484;1311.46997070;.75027400;1193.42817900;31.14839300;.67475600;21.63867800;1271607296;547995648;      0;      0;      0;      0;      0;      0;      0;      0;
28.12.2016 07:55:51;uc1n310.localdomain;         16;          6;          8;          4;          1;        192;      34560;   1.000;2.65901400;83.10975500;.00851100;1225.63577000;1312.19311523;1311.42980957;.76327801;1194.01898300;30.54084600;.67414600;21.63871900;1274818560;551964672;      0;      0;      0;      0;      0;      0;      0;      0;
28.12.2016 07:55:51;uc1n310.localdomain;         16;          6;          8;          4;          1;        192;      34560;   1.000;2.66090200;83.10965300;.00303800;1225.64769700;1312.19775391;1311.46752930;.73026502;1196.93889900;27.66797700;.67332200;21.63883000;1271488512;548196352;      0;      0;      0;      0;      0;      0;      0;      0;
28.12.2016 08:18:03;uc1n310.localdomain;         24;          6;         12;          4;          1;        288;      51840;   1.000;4.68550700;91.67006900;.00575000;1234.10559000;1331.61669922;1330.53930664;1.07738805;1194.55864200;38.47238800;.69310300;29.92264800;1702445056;721928192;      0;      0;      0;      0;      0;      0;      0;      0;
28.12.2016 08:18:03;uc1n310.localdomain;         24;          6;         12;          4;          1;        288;      51840;   1.000;4.69564700;91.66669200;.00339500;1234.11477300;1331.62719727;1330.59082031;1.03637803;1194.54196200;38.49259200;.69385600;29.91990100;1692540928;717533184;      0;      0;      0;      0;      0;      0;      0;      0;
28.12.2016 08:18:03;uc1n310.localdomain;         24;          6;         12;          4;          1;        288;      51840;   1.000;4.69968200;91.66803300;.00629000;1234.10603600;1331.62194824;1330.62451172;.99737799;1199.94247600;33.09879100;.69383300;29.92052400;1685905408;709197824;      0;      0;      0;      0;      0;      0;      0;      0;
28.12.2016 08:18:03;uc1n310.localdomain;         24;          6;         12;          4;          1;        288;      51840;   1.000;4.69973400;91.66882400;.00620000;1234.10736900;1331.64245605;1330.61608887;1.02637100;1193.59468000;39.43016400;.69329900;29.92183800;1701765120;714330112;      0;      0;      0;      0;      0;      0;      0;      0;
28.12.2016 08:18:03;uc1n310.localdomain;         24;          6;         12;          4;          1;        288;      51840;   1.000;4.70127000;91.65963700;.00627300;1234.10763600;1331.61694336;1330.59655762;1.02037203;1193.51510700;39.50994700;.69256600;29.91208000;1690279936;710692864;      0;      0;      0;      0;      0;      0;      0;      0;
28.12.2016 08:18:03;uc1n310.localdomain;         24;          6;         12;          4;          1;        288;      51840;   1.000;4.70685100;91.66871500;.00561700;1234.10868000;1331.66906738;1330.60363770;1.06539094;1193.22859000;39.80609900;.69305200;29.92160300;1701523456;710316032;      0;      0;      0;      0;      0;      0;      0;      0;
28.12.2016 08:18:03;uc1n310.localdomain;         24;          6;         12;          4;          1;        288;      51840;   1.000;4.70693300;91.66362700;.00338300;1234.11378200;1331.63208008;1330.60974121;1.02236795;1193.47042400;39.56606200;.69347400;29.91597600;1694076928;711299072;      0;      0;      0;      0;      0;      0;      0;      0;
28.12.2016 08:18:03;uc1n310.localdomain;         24;          6;         12;          4;          1;        288;      51840;   1.000;4.70712400;91.67028200;.00306800;1234.11786700;1331.64709473;1330.47070312;1.17642796;1194.53772300;38.50048400;.69316300;29.92309100;1690636288;707387392;      0;      0;      0;      0;      0;      0;      0;      0;
28.12.2016 08:18:03;uc1n310.localdomain;         24;          6;         12;          4;          1;        288;      51840;   1.000;4.70851300;91.67040800;.00297100;1234.11531200;1331.64794922;1330.61853027;1.02937996;1193.26185900;39.76453200;.69251700;29.92325900;1701937152;714293248;      0;      0;      0;      0;      0;      0;      0;      0;
28.12.2016 08:18:03;uc1n310.localdomain;         24;          6;         12;          4;          1;        288;      51840;   1.000;4.70864100;91.67089500;.00567300;1234.10410400;1331.65783691;1330.65344238;1.00437105;1196.79157800;36.23504600;.69261200;29.92385300;1704026112;714125312;      0;      0;      0;      0;      0;      0;      0;      0;
28.12.2016 08:18:03;uc1n310.localdomain;         24;          6;         12;          4;          1;        288;      51840;   1.000;4.70970000;91.66781900;.00329000;1234.11976100;1331.65039062;1330.60595703;1.04437804;1199.36342200;33.68838000;.69358100;29.92027900;1701240832;711450624;      0;      0;      0;      0;      0;      0;      0;      0;
28.12.2016 08:18:03;uc1n310.localdomain;         24;          6;         12;          4;          1;        288;      51840;   1.000;4.71078800;91.67105200;.00322400;1234.11496700;1331.65942383;1330.65307617;1.00636899;1193.50410900;39.52488200;.69151900;29.92382300;1699577856;713121792;      0;      0;      0;      0;      0;      0;      0;      0;
28.12.2016 08:18:03;uc1n310.localdomain;         24;          6;         12;          4;          1;        288;      51840;   1.000;4.71386900;91.66029300;.00638100;1234.10575700;1331.64306641;1330.67175293;.97135800;1193.76287200;39.25646500;.69324700;29.91277300;1691484160;710971392;      0;      0;      0;      0;      0;      0;      0;      0;
28.12.2016 08:18:03;uc1n310.localdomain;         24;          6;         12;          4;          1;        288;      51840;   1.000;4.71443200;91.67360700;.00360800;1234.11417500;1331.65881348;1330.61340332;1.04537797;1193.08407000;39.94309500;.69340200;29.92582600;1684033536;710352896;      3;      2;      4;      3;      4;      0;      0;      0;
28.12.2016 08:18:03;uc1n310.localdomain;         24;          6;         12;          4;          1;        288;      51840;   1.000;4.71586700;91.67071300;.00466900;1234.11024200;1331.66442871;1330.66308594;1.00136995;1193.33857600;39.70901900;.69304300;29.92367700;1700012032;717201408;      0;      0;      0;      0;      0;      0;      0;      0;
28.12.2016 08:18:03;uc1n310.localdomain;         24;          6;         12;          4;          1;        288;      51840;   1.000;4.72124000;91.66581900;.00379100;1234.11169200;1331.65515137;1330.62573242;1.02937806;1194.54789400;38.48729200;.69215500;29.91907400;1694396416;714313728;      0;      0;      0;      0;      0;      0;      0;      0;
28.12.2016 08:18:03;uc1n317.localdomain;         24;          6;         12;          4;          1;        288;      51840;   1.000;3.98740300;91.66061500;.00339900;1234.12208300;1330.92834473;1329.90600586;1.02237904;1201.98055500;31.06133300;.69298900;29.91422400;1659961344;712097792;      0;      0;      0;      0;      0;      0;      0;      0;
28.12.2016 08:18:03;uc1n317.localdomain;         24;          6;         12;          4;          1;        288;      51840;   1.000;3.98882700;91.65932500;.00349300;1234.11940900;1330.91748047;1329.88806152;1.02937901;1194.05825900;38.98737300;.69229700;29.91297000;1658773504;715849728;      0;      0;      0;      0;      0;      0;      0;      0;
28.12.2016 08:18:03;uc1n317.localdomain;         24;          6;         12;          4;          1;        288;      51840;   1.000;3.99063600;91.65500800;.00357700;1234.12109700;1330.91503906;1329.83764648;1.07740605;1198.69530400;34.34273000;.69158000;29.90884500;1658847232;711888896;      0;      0;      0;      0;      0;      0;      0;      0;
28.12.2016 08:18:03;uc1n317.localdomain;         24;          6;         12;          4;          1;        288;      51840;   1.000;3.99353200;91.65224500;.00342300;1234.12284800;1330.91381836;1329.81445312;1.09940195;1192.63681100;40.41241100;.69299800;29.90595500;1659531264;712724480;      0;      0;      0;      0;      0;      0;      0;      0;
28.12.2016 08:18:03;uc1n317.localdomain;         24;          6;         12;          4;          1;        288;      51840;   1.000;3.99460300;91.65554100;.00337100;1234.12054400;1330.91662598;1329.89929199;1.01737595;1193.06835400;39.97055500;.69300000;29.90906200;1659236352;714231808;      0;      0;      0;      0;      0;      0;      0;      0;
28.12.2016 08:18:03;uc1n317.localdomain;         24;          6;         12;          4;          1;        288;      51840;   1.000;3.99748100;91.64837700;.00313100;1234.11919700;1330.90917969;1329.78381348;1.12541199;1192.67487600;40.37289100;.69284200;29.90232900;1661206528;713297920;      0;      0;      0;      0;      0;      0;      0;      0;
28.12.2016 08:18:03;uc1n317.localdomain;         24;          6;         12;          4;          1;        288;      51840;   1.000;4.01568600;91.65280800;.00334000;1234.05735900;1330.87451172;1329.80822754;1.06633794;1193.14233900;39.82657100;.69259100;29.90923100;1671569408;719532032;      0;      0;      0;      0;      0;      0;      0;      0;
28.12.2016 08:18:03;uc1n317.localdomain;         24;          6;         12;          4;          1;        288;      51840;   1.000;4.01842200;91.64507200;.00326900;1234.10994600;1330.91577148;1329.91235352;1.00336003;1193.58018300;39.46625200;.69362600;29.89915000;1663180800;720224256;      0;      0;      0;      0;      0;      0;      0;      0;
28.12.2016 08:40:21;uc1n310.localdomain;         32;          6;         16;          4;          1;        384;      69120;   1.000;5.01460600;92.74955100;.00799400;1237.87169700;1337.19763184;1335.78808594;1.40952897;1194.52860300;42.25249300;.69527900;30.59514400;2105360384;882167808;      0;      0;      0;      0;      0;      0;      0;      0;
28.12.2016 08:40:21;uc1n310.localdomain;         32;          6;         16;          4;          1;        384;      69120;   1.000;5.02436000;92.75938300;.00798400;1237.86576500;1337.19140625;1335.74389648;1.44752097;1204.09807300;32.69311200;.69485500;30.60544700;2106535936;878350336;      0;      0;      0;      0;      0;      0;      0;      0;
28.12.2016 08:40:21;uc1n310.localdomain;         32;          6;         16;          4;          1;        384;      69120;   1.000;5.02572400;92.73813600;.00791200;1237.86788100;1337.18579102;1335.69824219;1.48754096;1195.10340000;41.69267100;.69636500;30.58376700;2091610112;871395328;      0;      0;      0;      0;      0;      0;      0;      0;
28.12.2016 08:40:21;uc1n310.localdomain;         32;          6;         16;          4;          1;        384;      69120;   1.000;5.02647800;92.74164500;.00770200;1237.87217300;1337.17687988;1335.61328125;1.56355000;1194.17057800;42.62242000;.69621900;30.58777200;2094743552;874356736;      0;      0;      0;      0;      0;      0;      0;      0;
28.12.2016 08:40:21;uc1n310.localdomain;         32;          6;         16;          4;          1;        384;      69120;   1.000;5.03794000;92.73595300;.00287200;1237.88622000;1337.19165039;1335.78210449;1.40951896;1194.57500000;42.21710300;.69475600;30.58126900;2106097664;881700864;      0;      0;      0;      0;      0;      0;      0;      0;
28.12.2016 08:40:21;uc1n310.localdomain;         32;          6;         16;          4;          1;        384;      69120;   1.000;5.03896900;92.74001600;.00398800;1237.87383600;1337.18139648;1335.75988770;1.42150795;1193.67474100;43.12906200;.69534700;30.58590500;2104647680;877113344;      0;      0;      0;      0;      0;      0;      0;      0;
28.12.2016 08:40:21;uc1n310.localdomain;         32;          6;         16;          4;          1;        384;      69120;   1.000;5.04715800;92.74695700;.00798000;1237.86915800;1337.19982910;1335.80737305;1.39251697;1194.52113900;42.27780900;.69521800;30.59257400;2106261504;876716032;      0;      0;      0;      0;      0;      0;      0;      0;
28.12.2016 08:40:21;uc1n310.localdomain;         32;          6;         16;          4;          1;        384;      69120;   1.000;5.04772600;92.72786200;.00719900;1237.86627100;1337.17919922;1335.74670410;1.43252206;1208.77474200;28.01728500;.69654100;30.57395500;2097496064;870187008;      0;      0;      0;      0;      0;      0;      0;      0;
28.12.2016 08:40:21;uc1n310.localdomain;         32;          6;         16;          4;          1;        384;      69120;   1.000;5.05048600;92.73528900;.00398700;1237.87604400;1337.19433594;1335.78576660;1.40851498;1195.62252200;41.16214500;.69543800;30.58089100;2097348608;872734720;      0;      0;      0;      0;      0;      0;      0;      0;
28.12.2016 08:40:21;uc1n310.localdomain;         32;          6;         16;          4;          1;        384;      69120;   1.000;5.05081200;92.73421500;.00398900;1237.87637800;1337.19506836;1335.79052734;1.40452099;1194.67516600;42.13022700;.69586100;30.58002600;2101526528;877277184;      0;      0;      0;      0;      0;      0;      0;      0;
28.12.2016 08:40:21;uc1n310.localdomain;         32;          6;         16;          4;          1;        384;      69120;   1.000;5.05300100;92.74387100;.00299000;1237.88348100;1337.20031738;1335.74877930;1.45153105;1196.18510600;40.61534400;.69661200;30.58921100;2097442816;874647552;      0;      0;      0;      0;      0;      0;      0;      0;
28.12.2016 08:40:21;uc1n310.localdomain;         32;          6;         16;          4;          1;        384;      69120;   1.000;5.05799500;92.74104000;.00536500;1237.87079100;1337.17541504;1335.80395508;1.37149405;1193.51133000;43.28045900;.69724500;30.58658500;2093944832;875180032;      0;      0;      0;      0;      0;      0;      0;      0;
28.12.2016 08:40:21;uc1n310.localdomain;         32;          6;         16;          4;          1;        384;      69120;   1.000;5.06030600;92.73900800;.00344500;1237.87921300;1337.20434570;1335.77978516;1.42451501;1194.95642000;41.83155600;.69707300;30.58455500;2092253184;870436864;      0;      0;      0;      0;      0;      0;      0;      0;
28.12.2016 08:40:21;uc1n310.localdomain;         32;          6;         16;          4;          1;        384;      69120;   1.000;5.12277600;92.72077900;.00741200;1237.87377400;1337.24340820;1335.82189941;1.42151701;1204.73778000;32.04517400;.69626600;30.56650500;2099937280;873619456;      0;      0;      0;      0;      0;      0;      0;      0;
28.12.2016 08:40:21;uc1n310.localdomain;         32;          6;         16;          4;          1;        384;      69120;   1.000;5.12458600;92.76526600;.00398700;1237.87584300;1337.30249023;1335.85400391;1.44852805;1195.31848700;41.47647000;.69651900;30.61054000;2094051328;871092224;      3;      2;      4;      3;      4;      0;      0;      0;
28.12.2016 08:40:21;uc1n310.localdomain;         32;          6;         16;          4;          1;        384;      69120;   1.000;5.14016100;92.71906100;.00899200;1237.86592800;1337.25903320;1335.78051758;1.47853506;1193.62310500;43.15508800;.69579500;30.56491300;2090102784;872755200;      0;      0;      0;      0;      0;      0;      0;      0;
28.12.2016 08:40:21;uc1n317.localdomain;         32;          6;         16;          4;          1;        384;      69120;   1.000;5.03427800;92.73369400;.00521600;1237.87533200;1337.15319824;1335.83374023;1.31947803;1210.40299500;26.35438300;.69614400;30.57878200;2090893312;870592512;      0;      0;      0;      0;      0;      0;      0;      0;
28.12.2016 08:40:21;uc1n317.localdomain;         32;          6;         16;          4;          1;        384;      69120;   1.000;5.04860100;92.71372200;.00548400;1237.87517700;1337.16406250;1335.72558594;1.43853498;1194.37616600;42.42031800;.69692700;30.55900500;2091163648;869392384;      0;      0;      0;      0;      0;      0;      0;      0;
28.12.2016 08:40:21;uc1n317.localdomain;         32;          6;         16;          4;          1;        384;      69120;   1.000;5.05321500;92.73362700;.00660100;1237.87909500;1337.12988281;1335.71032715;1.41953301;1194.56497200;42.21681700;.69630600;30.57902500;2108878848;880861184;      0;      0;      0;      0;      0;      0;      0;      0;
28.12.2016 08:40:21;uc1n317.localdomain;         32;          6;         16;          4;          1;        384;      69120;   1.000;5.05599900;92.71003900;.00295900;1237.88086700;1337.12988281;1335.74438477;1.38550997;1195.26662500;41.52161600;.69585100;30.55512200;2105978880;881676288;      0;      0;      0;      0;      0;      0;      0;      0;
28.12.2016 08:40:21;uc1n317.localdomain;         32;          6;         16;          4;          1;        384;      69120;   1.000;5.06397200;92.72718500;.00403700;1237.87082100;1337.13879395;1335.64331055;1.49553204;1193.73143400;43.04962400;.69664600;30.57295100;2101186560;873328640;      0;      0;      0;      0;      0;      0;      0;      0;
28.12.2016 08:40:21;uc1n317.localdomain;         32;          6;         16;          4;          1;        384;      69120;   1.000;5.06467900;92.73254800;.00327600;1237.88442600;1337.18481445;1335.72631836;1.45853198;1194.86563400;41.92011600;.69528700;30.57800900;2106052608;874184704;      0;      0;      0;      0;      0;      0;      0;      0;
28.12.2016 08:40:21;uc1n317.localdomain;         32;          6;         16;          4;          1;        384;      69120;   1.000;5.06545700;92.72651700;.00573600;1237.87997300;1337.17480469;1335.74230957;1.43254101;1205.20014800;31.58697300;.69571800;30.57203700;2106253312;874127360;      0;      0;      0;      0;      0;      0;      0;      0;
28.12.2016 08:40:21;uc1n317.localdomain;         32;          6;         16;          4;          1;        384;      69120;   1.000;5.06799900;92.72653200;.00269600;1237.88666600;1337.18395996;1335.82250977;1.36149800;1196.21008000;40.59917900;.69622400;30.57203400;2087952384;873906176;      0;      0;      0;      0;      0;      0;      0;      0;
28.12.2016 08:40:21;uc1n317.localdomain;         32;          6;         16;          4;          1;        384;      69120;   1.000;5.06803500;92.72960600;.00486600;1237.87476300;1337.21948242;1335.72888184;1.49055099;1194.66275800;42.13625600;.69681600;30.57462700;2094284800;870703104;      0;      0;      0;      0;      0;      0;      0;      0;
28.12.2016 08:40:21;uc1n317.localdomain;         32;          6;         16;          4;          1;        384;      69120;   1.000;5.06879400;92.71043500;.00306700;1237.88337500;1337.16552734;1335.73498535;1.43052602;1193.60393900;43.18215800;.69535200;30.55614500;2116972544;872849408;      0;      0;      0;      0;      0;      0;      0;      0;
28.12.2016 08:40:21;uc1n317.localdomain;         32;          6;         16;          4;          1;        384;      69120;   1.000;5.07063200;92.72945500;.00603800;1237.87632700;1337.16967773;1335.75109863;1.41852605;1195.36667500;41.43072100;.69600800;30.57480700;2091872256;870998016;      0;      0;      0;      0;      0;      0;      0;      0;
28.12.2016 08:40:21;uc1n317.localdomain;         32;          6;         16;          4;          1;        384;      69120;   1.000;5.07325400;92.71823500;.00653300;1237.87640800;1337.18945312;1335.74084473;1.44855297;1195.05122200;41.75373700;.69691800;30.56337000;2096472064;873684992;      0;      0;      0;      0;      0;      0;      0;      0;
28.12.2016 08:40:21;uc1n317.localdomain;         32;          6;         16;          4;          1;        384;      69120;   1.000;5.07615400;92.71262700;.00590500;1237.87624700;1337.19567871;1335.77319336;1.42253399;1194.06012600;42.72038800;.69565300;30.55761800;2095083520;873172992;      0;      0;      0;      0;      0;      0;      0;      0;
28.12.2016 08:40:21;uc1n317.localdomain;         32;          6;         16;          4;          1;        384;      69120;   1.000;5.07766800;92.73944300;.00633600;1237.87600600;1337.21398926;1335.85449219;1.35950196;1194.63109500;42.17299800;.69611100;30.58462600;2088697856;870928384;      0;      0;      0;      0;      0;      0;      0;      0;
28.12.2016 08:40:21;uc1n317.localdomain;         32;          6;         16;          4;          1;        384;      69120;   1.000;5.09761600;92.72062900;.00297100;1237.82607800;1337.12512207;1335.65161133;1.47346795;1199.80244500;36.93979300;.69687100;30.56840000;2101882880;875479040;      0;      0;      0;      0;      0;      0;      0;      0;
28.12.2016 08:40:21;uc1n317.localdomain;         32;          6;         16;          4;          1;        384;      69120;   1.000;5.10552200;92.71512500;.00309100;1237.88319500;1337.20129395;1335.77075195;1.43052304;1193.58038100;43.20641500;.69544800;30.56064600;2096652288;877199360;      0;      0;      0;      0;      0;      0;      0;      0;
