# Stamp; Host; NProc; X; Y; Z; F; Total FE; Total M; Dur. Init; Stretch Sim; Int. Init; Main Sim; Total; Total (User); Total (System); ODE; Parabolic; FE; FE before Main Sim" 
02.12.2016 19:56:35;neon;          1;          1;          1;          1;          1;          1;        300;   1.000;.25200000;1.70000000;.22000000;13.33600000;15.58000088;15.46800041;.11200000;11.57200000;1.70000000;.03200000;.96400000;
02.12.2016 19:56:59;neon;          1;          1;          1;          2;          1;          2;        360;   1.000;.26800000;4.11600000;.22400000;16.16000000;20.84399986;20.73600006;.10800000;14.03200000;1.98400000;.07600000;3.21200000;
02.12.2016 19:57:34;neon;          1;          1;          1;          3;          1;          3;        540;   1.000;.32000000;6.47600000;.20400000;24.14800000;31.25600052;31.10799980;.14800000;21.28400000;2.63600000;.11200000;5.22800000;
02.12.2016 19:58:21;neon;          1;          1;          1;          4;          1;          4;        720;   1.000;.36000000;9.84800000;.21600000;32.12800000;42.71200180;42.57600021;.13600001;27.61200000;4.22000000;.18000000;8.30000000;
02.12.2016 19:58:47;neon;          1;          6;          4;          1;          1;         24;       4320;   1.000;2.66400000;133.98000000;.21600000;188.79200000;327.90802002;327.54000854;.36800000;161.22000000;23.59200000;3.14800000;124.59600000;
02.12.2016 19:59:17;neon;          1;          1;          1;          5;          1;          5;        900;   1.000;.41600000;11.92400000;.22400000;40.05200000;52.81999969;52.67200089;.14800000;36.30000000;3.34800000;.22400000;9.98800000;
02.12.2016 19:59:43;neon;          1;          1;          2;          1;          1;          2;        360;   1.000;.27200000;4.16400000;.21200000;17.01600000;21.74799919;21.59199905;.15600000;14.65600000;2.19600000;.07200000;3.32000000;
02.12.2016 20:00:33;neon;          1;          1;          2;          2;          1;          4;        720;   1.000;.37200000;13.48400000;.21600000;32.12800000;46.35599899;46.22800064;.12800001;26.58000000;5.19600000;.25200000;11.86400000;
02.12.2016 20:01:47;neon;          1;          1;          2;          3;          1;          6;       1080;   1.000;.49600000;21.40000000;.21600000;48.02800000;70.37999725;70.19599915;.18400000;41.41600000;6.03200000;.38000000;18.83200000;
02.12.2016 20:03:26;neon;          1;          1;          2;          4;          1;          8;       1440;   1.000;.60800000;30.40400000;.20000000;63.65200000;95.21600342;95.05599976;.16000000;55.07200000;7.83200000;.50000000;27.44800000;
02.12.2016 20:05:32;neon;          1;          1;          2;          5;          1;         10;       1800;   1.000;.75200000;41.20000000;.22000000;79.67200000;122.32800293;122.14800262;.18000001;69.01200000;9.67200000;.66400000;37.61200000;
02.12.2016 20:06:09;neon;          1;          1;          3;          1;          1;          3;        540;   1.000;.30400000;7.68000000;.21600000;23.84400000;32.15999985;32.04000092;.12000000;20.58800000;3.02800000;.11600000;6.39200000;
02.12.2016 20:07:22;neon;          1;          1;          3;          2;          1;          6;       1080;   1.000;.45200000;21.68400000;.20000000;47.52400000;70.09200287;69.95200348;.14000000;41.06800000;5.91600000;.34800000;19.41200000;
02.12.2016 20:09:15;neon;          1;          1;          3;          3;          1;          9;       1620;   1.000;.66800000;35.85200000;.22400000;71.96400000;109.10800171;108.91600037;.19200000;62.29600000;8.78400000;.58800000;32.53600000;
02.12.2016 20:11:45;neon;          1;          1;          3;          4;          1;         12;       2160;   1.000;.90000000;49.14400000;.20000000;94.80800000;145.66799927;145.52400208;.14399999;83.02400000;10.59600000;.82400000;44.96400000;
02.12.2016 20:14:54;neon;          1;          1;          3;          5;          1;         15;       2700;   1.000;1.25200000;63.76000000;.22000000;119.06400000;185.21200562;184.98800659;.22400001;102.90400000;14.64000000;1.04400000;58.52400000;
02.12.2016 20:15:42;neon;          1;          1;          4;          1;          1;          4;        720;   1.000;.34800000;11.19200000;.22800000;31.74800000;43.66399765;43.51599884;.14800000;27.64000000;3.76400000;.21200000;9.65200000;
02.12.2016 20:17:24;neon;          1;          1;          4;          2;          1;          8;       1440;   1.000;.58000000;33.42400000;.22000000;63.51200000;98.06800079;97.91999817;.14800000;54.78400000;7.94000000;.54000000;30.54400000;
02.12.2016 20:20:01;neon;          1;          1;          4;          3;          1;         12;       2160;   1.000;.93200000;56.19600000;.21600000;95.61200000;153.60800171;153.46000671;.14800000;82.31600000;12.00000000;.91600000;51.92800000;
02.12.2016 20:23:37;neon;          1;          1;          4;          4;          1;         16;       2880;   1.000;1.38000000;82.58000000;.13600000;126.74400000;211.71600342;211.47599792;.23999999;109.22800000;15.66000000;1.34400000;76.97200000;
02.12.2016 20:28:02;neon;          1;          1;          4;          5;          1;         20;       3600;   1.000;2.06000000;98.39600000;.14000000;158.54000000;260.89599609;260.63598633;.25999999;136.58800000;19.64400000;1.66800000;90.74000000;
02.12.2016 20:29:00;neon;          1;          1;          5;          1;          1;          5;        900;   1.000;.40000000;13.06800000;.22400000;39.64000000;53.52400208;53.38000107;.14399999;35.45600000;3.82000000;.21600000;11.11200000;
02.12.2016 20:31:07;neon;          1;          1;          5;          2;          1;         10;       1800;   1.000;.74000000;42.66000000;.14000000;79.45200000;123.36400604;123.20400238;.16000000;68.54000000;9.88800000;.70400000;38.94400000;
02.12.2016 20:34:26;neon;          1;          1;          5;          3;          1;         15;       2700;   1.000;1.37200000;72.93600000;.22000000;119.29600000;194.81199646;194.56799316;.24400000;102.85200000;14.76000000;1.20000000;67.21200000;
02.12.2016 20:38:43;neon;          1;          1;          5;          4;          1;         20;       3600;   1.000;2.08000000;90.33600000;.20400000;159.09200000;253.46800232;253.18800354;.28000000;137.13200000;19.60000000;1.69200000;82.94400000;
02.12.2016 20:43:56;neon;          1;          1;          5;          5;          1;         25;       4500;   1.000;3.21600000;103.92800000;.20800000;198.08400000;308.17599487;307.77600098;.40000001;170.56800000;24.48000000;2.20000000;94.96400000;
02.12.2016 20:44:21;neon;          1;          2;          1;          1;          1;          2;        360;   1.000;.26800000;4.39200000;.19600000;15.97200000;20.90399933;20.76799965;.13600001;13.83200000;1.94000000;.13600000;3.51600000;
02.12.2016 20:44:42;neon;          1;          2;          1;          1;          2;          2;        360;   1.000;.26000000;4.44400000;.24400000;15.93200000;20.96399879;20.84799957;.11600000;13.63200000;2.10800000;.12800000;3.62800000;
02.12.2016 20:45:31;neon;          1;          2;          1;          2;          1;          4;        720;   1.000;.31600000;13.46800000;.23200000;31.58400000;45.76000214;45.63600159;.12400000;27.16000000;3.88000000;.42000000;11.72800000;
02.12.2016 20:46:18;neon;          1;          2;          1;          2;          2;          4;        720;   1.000;.33200000;13.78800000;.22000000;31.94000000;46.44000244;46.30400085;.13600001;27.40000000;3.96800000;.44400000;12.10000000;
02.12.2016 20:47:31;neon;          1;          2;          1;          3;          1;          6;       1080;   1.000;.46400000;21.63600000;.21600000;47.26400000;69.74800110;69.59999847;.14800000;40.50800000;5.90800000;.65600000;19.27600000;
02.12.2016 20:48:43;neon;          1;          2;          1;          3;          2;          6;       1080;   1.000;.45600000;22.32400000;.22400000;47.91600000;71.15200043;71.00800323;.14399999;41.02800000;6.03200000;.64800000;19.99200000;
02.12.2016 20:50:21;neon;          1;          2;          1;          4;          1;          8;       1440;   1.000;.57200000;31.39600000;.21600000;62.94800000;95.46000671;95.30000305;.16000000;53.94800000;7.79600000;.96000000;28.54800000;
02.12.2016 20:51:57;neon;          1;          2;          1;          4;          2;          8;       1440;   1.000;.58800000;30.21200000;.22400000;63.67600000;95.04000092;94.92800140;.11200000;54.68400000;7.82800000;.92400000;27.32400000;
02.12.2016 20:53:59;neon;          1;          2;          1;          5;          1;         10;       1800;   1.000;.73200000;39.14800000;.20800000;78.63200000;119.17199707;119.04399872;.12800001;67.38800000;9.76000000;1.20400000;35.65600000;
02.12.2016 20:56:00;neon;          1;          2;          1;          5;          2;         10;       1800;   1.000;.75600000;38.86000000;.22800000;79.65600000;119.96399689;119.79199982;.17200001;68.52000000;9.64000000;1.18800000;35.32000000;
02.12.2016 20:56:48;neon;          1;          2;          2;          1;          1;          4;        720;   1.000;.36000000;13.36000000;.22400000;31.46800000;45.57199860;45.43199921;.14000000;26.56800000;4.36400000;.42000000;11.82800000;
02.12.2016 20:57:36;neon;          1;          2;          2;          1;          2;          4;        720;   1.000;.34800000;13.46800000;.22000000;32.10800000;46.29600143;46.14400101;.15200000;27.66000000;3.90000000;.42800000;11.90800000;
02.12.2016 20:59:27;neon;          1;          2;          2;          2;          1;          8;       1440;   1.000;.58000000;43.91200000;.21600000;63.31200000;108.35200500;108.21600342;.13600001;57.85200000;3.90000000;1.28800000;41.06400000;
02.12.2016 21:01:17;neon;          1;          2;          2;          2;          2;          8;       1440;   1.000;.58400000;43.77600000;.20000000;64.36000000;109.25600433;109.13200378;.12400000;55.94400000;6.84800000;1.33200000;40.87200000;
02.12.2016 21:04:09;neon;          1;          2;          2;          3;          1;         12;       2160;   1.000;.92400000;72.28400000;.22800000;95.46800000;169.50399780;169.34399414;.16000000;80.78400000;12.06800000;2.23200000;68.09200000;
02.12.2016 21:06:59;neon;          1;          2;          2;          3;          2;         12;       2160;   1.000;.93200000;70.60800000;.22400000;96.45600000;168.82398987;168.64799500;.17600000;82.13600000;11.75600000;2.17600000;66.38000000;
02.12.2016 21:10:54;neon;          1;          2;          2;          4;          1;         16;       2880;   1.000;1.34000000;102.79600000;.22000000;126.85200000;232.23600769;231.99200439;.24400000;107.70800000;15.50800000;3.14000000;97.34800000;
02.12.2016 21:14:50;neon;          1;          2;          2;          4;          2;         16;       2880;   1.000;1.38000000;103.52400000;.22000000;129.07600000;235.28399658;235.10400391;.18000001;109.58400000;15.84800000;3.18000000;97.97200000;
02.12.2016 21:19:46;neon;          1;          2;          2;          5;          1;         20;       3600;   1.000;1.91200000;130.76400000;.21600000;158.59600000;293.07998657;292.85998535;.22000000;134.64000000;19.31200000;4.00400000;123.93200000;
02.12.2016 21:24:48;neon;          1;          2;          2;          5;          2;         20;       3600;   1.000;1.89600000;135.67200000;.21600000;161.09200000;300.46002197;300.25601196;.20400000;136.99200000;19.30800000;4.18400000;128.74800000;
02.12.2016 21:26:01;neon;          1;          2;          3;          1;          1;          6;       1080;   1.000;.45200000;21.94000000;.21600000;47.29200000;70.13199615;70.01599884;.11600000;40.52000000;5.92400000;.66800000;19.74000000;
02.12.2016 21:27:12;neon;          1;          2;          3;          1;          2;          6;       1080;   1.000;.45200000;21.93200000;.22400000;47.94800000;70.79199982;70.64399719;.14800000;41.40800000;5.68800000;.66800000;19.69200000;
02.12.2016 21:30:02;neon;          1;          2;          3;          2;          1;         12;       2160;   1.000;.93600000;70.50400000;.20000000;94.99200000;167.24400330;167.05999756;.18400000;80.66800000;11.75200000;2.17600000;66.40800000;
02.12.2016 21:32:54;neon;          1;          2;          3;          2;          2;         12;       2160;   1.000;.90800000;72.43200000;.21200000;96.61200000;170.75999451;170.61199951;.14800000;82.10000000;11.90000000;2.23600000;68.21600000;
02.12.2016 21:37:25;neon;          1;          2;          3;          3;          1;         18;       3240;   1.000;1.55600000;121.78400000;.22800000;142.74000000;267.65200806;267.42401123;.22800000;121.20400000;17.24400000;3.73200000;115.64400000;
02.12.2016 21:41:54;neon;          1;          2;          3;          3;          2;         18;       3240;   1.000;1.62400000;120.78800000;.22000000;144.91600000;268.86001587;268.66400146;.19599999;123.04000000;17.59600000;3.70400000;114.54400000;
02.12.2016 21:48:10;neon;          1;          2;          3;          4;          1;         24;       4320;   1.000;2.62400000;175.99200000;.21600000;190.88800000;371.93600464;371.66799927;.26800001;161.76400000;23.04000000;5.32800000;167.78800000;
02.12.2016 21:54:20;neon;          1;          2;          3;          4;          2;         24;       4320;   1.000;2.65600000;170.10800000;.21600000;194.14000000;369.39599609;369.13598633;.25999999;164.86800000;23.30000000;5.20400000;161.70000000;
02.12.2016 22:02:13;neon;          1;          2;          3;          5;          1;         30;       5400;   1.000;3.94800000;223.05200000;.22000000;239.06400000;469.77999878;469.46798706;.31200001;202.08800000;29.12400000;6.88000000;212.74400000;
02.12.2016 22:10:10;neon;          1;          2;          3;          5;          2;         30;       5400;   1.000;3.98000000;225.77200000;.22000000;242.06400000;475.57199097;475.27200317;.30000001;204.94000000;29.21200000;6.92800000;215.36000000;
02.12.2016 22:11:49;neon;          1;          2;          4;          1;          1;          8;       1440;   1.000;.59200000;31.32400000;.22000000;62.86400000;95.33599854;95.16799927;.16800000;53.76400000;7.91200000;.94000000;28.46000000;
02.12.2016 22:13:26;neon;          1;          2;          4;          1;          2;          8;       1440;   1.000;.60000000;31.08400000;.21200000;63.98400000;96.21999359;96.07599640;.14399999;54.98000000;7.82800000;.93200000;28.16000000;
02.12.2016 22:17:18;neon;          1;          2;          4;          2;          1;         16;       2880;   1.000;1.36000000;99.96800000;.22800000;126.66400000;229.25999451;229.03999329;.22000000;107.59200000;15.51200000;3.06000000;94.45600000;
02.12.2016 22:21:10;neon;          1;          2;          4;          2;          2;         16;       2880;   1.000;1.34800000;99.76000000;.23200000;128.65200000;231.05200195;230.83200073;.22000000;109.24800000;15.77600000;3.13200000;94.20800000;
02.12.2016 22:27:20;neon;          1;          2;          4;          3;          1;         24;       4320;   1.000;2.66000000;169.02400000;.21600000;192.74000000;366.91201782;366.54800415;.36399999;163.45200000;23.36800000;5.16800000;160.71600000;
02.12.2016 22:33:31;neon;          1;          2;          4;          3;          2;         24;       4320;   1.000;2.66400000;170.73200000;.19600000;193.44000000;369.32797241;369.13598633;.19200000;163.98800000;23.49200000;5.21200000;162.37600000;
02.12.2016 22:41:52;neon;          1;          2;          4;          4;          1;         32;       5760;   1.000;4.40000000;233.05600000;.22000000;255.29200000;496.90802002;496.59600830;.31200001;216.07600000;31.06400000;7.09600000;222.04000000;
02.12.2016 22:50:13;neon;          1;          2;          4;          4;          2;         32;       5760;   1.000;4.49600000;231.33600000;.21600000;259.68000000;499.77600098;499.47601318;.30000001;220.15600000;31.44000000;7.05200000;220.14000000;
02.12.2016 23:00:53;neon;          1;          2;          4;          5;          1;         40;       7200;   1.000;6.66400000;303.98400000;.22400000;319.10800000;636.08404541;635.69201660;.39199999;269.48800000;38.98400000;9.28000000;290.15600000;
02.12.2016 23:11:42;neon;          1;          2;          4;          5;          2;         40;       7200;   1.000;6.82400000;311.05200000;.22000000;323.48000000;647.86401367;647.55200195;.31200001;273.24000000;39.36000000;9.48000000;297.02400000;
02.12.2016 23:13:45;neon;          1;          2;          5;          1;          1;         10;       1800;   1.000;.74000000;39.72800000;.22000000;78.62400000;119.75600433;119.56800079;.18799999;67.43200000;9.65200000;1.20800000;36.19200000;
02.12.2016 23:15:48;neon;          1;          2;          5;          1;          2;         10;       1800;   1.000;.75200000;40.42400000;.22800000;79.85600000;121.73200226;121.54000092;.19200000;68.66800000;9.67600000;1.23600000;36.84800000;
02.12.2016 23:20:47;neon;          1;          2;          5;          2;          1;         20;       3600;   1.000;1.92400000;132.98000000;.21600000;158.79200000;295.48800659;295.25201416;.23600000;134.72000000;19.40000000;4.06800000;126.10400000;
02.12.2016 23:25:44;neon;          1;          2;          5;          2;          2;         20;       3600;   1.000;1.96000000;131.80400000;.22000000;160.89200000;296.49600220;296.29598999;.20000000;136.97600000;19.28000000;4.02400000;124.85600000;
02.12.2016 23:33:39;neon;          1;          2;          5;          3;          1;         30;       5400;   1.000;3.90000000;222.49600000;.21600000;241.75600000;471.81597900;471.57199097;.24400000;204.96000000;28.97200000;6.82800000;212.11600000;
02.12.2016 23:41:34;neon;          1;          2;          5;          3;          2;         30;       5400;   1.000;4.01200000;224.26400000;.22000000;242.08800000;474.15200806;473.88400269;.26800001;205.09200000;29.17200000;6.84400000;213.80800000;
02.12.2016 23:52:22;neon;          1;          2;          5;          4;          1;         40;       7200;   1.000;6.65200000;310.98000000;.21600000;319.40400000;643.42797852;642.94396973;.48400000;269.54800000;39.00400000;9.48000000;297.11200000;
03.12.2016 00:03:14;neon;          1;          2;          5;          4;          2;         40;       7200;   1.000;6.87600000;313.67600000;.21600000;324.37200000;651.45996094;651.13598633;.32400000;274.00000000;39.40800000;9.58400000;299.64800000;
03.12.2016 00:17:00;neon;          1;          2;          5;          5;          1;         50;       9000;   1.000;10.12000000;401.20800000;.23200000;400.38800000;821.44000244;821.03601074;.40400001;337.04400000;49.53200000;12.08400000;383.70800000;
03.12.2016 00:30:50;neon;          1;          2;          5;          5;          2;         50;       9000;   1.000;10.40400000;400.48400000;.22000000;407.38800000;828.24798584;827.82800293;.41999999;342.82800000;50.71200000;12.07600000;382.66000000;
03.12.2016 00:31:26;neon;          1;          3;          1;          1;          1;          3;        540;   1.000;.32400000;8.49600000;.22000000;23.48800000;32.64400101;32.48400116;.16000000;20.14000000;3.04000000;.18400000;7.23600000;
03.12.2016 00:32:00;neon;          1;          3;          1;          1;          3;          3;        540;   1.000;.30800000;8.47200000;.22000000;24.02400000;33.14399719;33.02399826;.12000000;20.80400000;2.94400000;.20800000;7.31200000;
03.12.2016 00:33:17;neon;          1;          3;          1;          2;          1;          6;       1080;   1.000;.44800000;26.76000000;.20000000;47.04400000;74.67599487;74.53199768;.14399999;40.35600000;5.87200000;.64400000;24.53600000;
03.12.2016 00:34:35;neon;          1;          3;          1;          2;          3;          6;       1080;   1.000;.47200000;27.41200000;.22800000;48.25600000;76.59999847;76.45600128;.14399999;43.00400000;4.42800000;.66800000;25.21600000;
03.12.2016 00:36:33;neon;          1;          3;          1;          3;          1;          9;       1620;   1.000;.64400000;42.99600000;.23600000;71.03600000;115.30400085;115.12000275;.18400000;61.59600000;8.14400000;1.02800000;39.89200000;
03.12.2016 00:38:30;neon;          1;          3;          1;          3;          3;          9;       1620;   1.000;.68000000;42.51600000;.20400000;71.82400000;115.62000275;115.44400024;.17600000;61.72400000;8.79600000;1.02800000;39.32400000;
03.12.2016 00:41:06;neon;          1;          3;          1;          4;          1;         12;       2160;   1.000;.90000000;58.06800000;.22000000;93.81200000;153.60400391;153.41600037;.18799999;80.43600000;11.60400000;1.40000000;53.98400000;
03.12.2016 00:43:43;neon;          1;          3;          1;          4;          3;         12;       2160;   1.000;.98800000;57.81600000;.21600000;95.63200000;155.28799438;155.10800171;.18000001;82.12800000;11.76000000;1.35600000;53.66400000;
03.12.2016 00:46:56;neon;          1;          3;          1;          5;          1;         15;       2700;   1.000;1.25200000;71.02000000;.22000000;117.29600000;190.68798828;190.53599548;.15200000;100.56000000;14.56000000;1.70800000;65.69200000;
03.12.2016 00:50:13;neon;          1;          3;          1;          5;          3;         15;       2700;   1.000;1.30400000;71.49600000;.22400000;121.40800000;195.39199829;195.21600342;.17600000;104.60400000;14.61600000;1.71600000;66.30800000;
03.12.2016 00:51:31;neon;          1;          3;          2;          1;          1;          6;       1080;   1.000;.46400000;27.93200000;.21200000;46.99200000;75.83200073;75.69200134;.14000000;40.17600000;5.96000000;.66400000;25.76400000;
03.12.2016 00:52:50;neon;          1;          3;          2;          1;          3;          6;       1080;   1.000;.47200000;27.85200000;.22000000;48.01200000;76.78399658;76.66799927;.11600000;41.35600000;5.80800000;.64400000;25.62800000;
03.12.2016 00:55:57;neon;          1;          3;          2;          2;          1;         12;       2160;   1.000;.94800000;88.26000000;.24000000;94.50400000;184.55999756;184.39599609;.16400000;80.42000000;11.60800000;2.10400000;84.16000000;
03.12.2016 00:59:06;neon;          1;          3;          2;          2;          3;         12;       2160;   1.000;1.00000000;89.55600000;.22000000;96.51600000;187.93598938;187.73599243;.20000000;82.33200000;11.67200000;2.16000000;85.33600000;
03.12.2016 01:03:59;neon;          1;          3;          2;          3;          1;         18;       3240;   1.000;1.67600000;144.79200000;.21600000;141.96800000;289.95599365;289.73599243;.22000000;120.60400000;17.35200000;3.45200000;138.66800000;
03.12.2016 01:08:53;neon;          1;          3;          2;          3;          3;         18;       3240;   1.000;1.66000000;143.01200000;.22000000;146.18000000;292.38800049;292.16400146;.22400001;124.44400000;17.78000000;3.41600000;136.68000000;
03.12.2016 01:15:19;neon;          1;          3;          2;          4;          1;         24;       4320;   1.000;2.62800000;190.08000000;.22800000;188.54800000;383.69201660;383.43600464;.25600001;160.11200000;23.19200000;4.51600000;181.93200000;
03.12.2016 01:21:49;neon;          1;          3;          2;          4;          3;         24;       4320;   1.000;2.69200000;189.29200000;.22000000;192.95600000;387.43200684;387.16000366;.27200001;164.38400000;23.32800000;4.49600000;181.00000000;
03.12.2016 01:29:55;neon;          1;          3;          2;          5;          1;         30;       5400;   1.000;3.96000000;239.31200000;.22400000;236.42400000;483.36401367;483.10000610;.26400000;200.52000000;29.20400000;5.70000000;229.10800000;
03.12.2016 01:38:07;neon;          1;          3;          2;          5;          3;         30;       5400;   1.000;4.06800000;239.99600000;.21600000;240.89600000;488.76400757;488.43200684;.33199999;204.99600000;29.21600000;5.71600000;229.60400000;
03.12.2016 01:40:05;neon;          1;          3;          3;          1;          1;          9;       1620;   1.000;.68000000;43.31600000;.20400000;70.99200000;115.58799744;115.40399933;.18400000;60.83200000;8.82400000;1.03600000;40.13200000;
03.12.2016 01:42:04;neon;          1;          3;          3;          1;          3;          9;       1620;   1.000;.67200000;44.34000000;.22400000;71.80800000;117.44400024;117.28800201;.15600000;61.52400000;8.94800000;1.06400000;41.12000000;
03.12.2016 01:46:59;neon;          1;          3;          3;          2;          1;         18;       3240;   1.000;1.60000000;145.02000000;.21600000;144.03200000;292.14401245;291.93600464;.20800000;122.64800000;17.39600000;3.45600000;138.90000000;
03.12.2016 01:51:51;neon;          1;          3;          3;          2;          3;         18;       3240;   1.000;1.67200000;141.17600000;.23600000;145.40000000;289.83999634;289.67999268;.16000000;123.71600000;17.66800000;3.46000000;134.90400000;
03.12.2016 01:59:18;neon;          1;          3;          3;          3;          1;         27;       4860;   1.000;3.20800000;225.34800000;.22400000;213.42000000;444.97598267;444.67199707;.30399999;180.99200000;26.02000000;5.52400000;216.18400000;
03.12.2016 02:06:47;neon;          1;          3;          3;          3;          3;         27;       4860;   1.000;3.33200000;222.93200000;.22000000;217.29600000;446.65197754;446.41598511;.23600000;184.96400000;26.03200000;5.43200000;213.66000000;
03.12.2016 02:16:55;neon;          1;          3;          3;          4;          1;         36;       6480;   1.000;5.49200000;309.46800000;.22800000;284.64800000;604.73199463;604.28399658;.44800001;241.07200000;34.98400000;7.36400000;297.14800000;
03.12.2016 02:27:07;neon;          1;          3;          3;          4;          3;         36;       6480;   1.000;5.70000000;308.98800000;.22000000;289.86800000;609.90002441;609.53601074;.36399999;245.82000000;35.45200000;7.41600000;296.47200000;
03.12.2016 02:39:45;neon;          1;          3;          3;          5;          1;         45;       8100;   1.000;8.26000000;379.17600000;.13600000;358.94800000;754.14801025;753.74798584;.40000001;303.76000000;44.49600000;9.12800000;363.61200000;
03.12.2016 02:52:48;neon;          1;          3;          3;          5;          3;         45;       8100;   1.000;8.61200000;383.75200000;.21600000;380.34400000;780.85198975;780.44396973;.40799999;325.10000000;44.32400000;9.33600000;367.96400000;
03.12.2016 02:55:24;neon;          1;          3;          4;          1;          1;         12;       2160;   1.000;.92000000;57.38400000;.21600000;93.66800000;152.79199219;152.58799744;.20400000;80.29200000;11.63600000;1.38000000;53.26800000;
03.12.2016 02:58:00;neon;          1;          3;          4;          1;          3;         12;       2160;   1.000;.98800000;57.09600000;.22000000;95.59600000;154.53601074;154.35200500;.18400000;82.01600000;11.83600000;1.36400000;52.89600000;
03.12.2016 03:04:33;neon;          1;          3;          4;          2;          1;         24;       4320;   1.000;2.60800000;193.36400000;.21600000;191.72000000;390.15200806;389.83599854;.31600001;162.53600000;23.60000000;4.81200000;185.15200000;
03.12.2016 03:11:05;neon;          1;          3;          4;          2;          3;         24;       4320;   1.000;2.73600000;192.60400000;.20000000;192.23600000;390.08798218;389.84399414;.24400000;163.74000000;23.15600000;4.58000000;184.29600000;
03.12.2016 03:21:17;neon;          1;          3;          4;          3;          1;         36;       6480;   1.000;5.48400000;300.50000000;.21200000;297.30000000;608.41601562;608.14801025;.26800001;253.81600000;35.07200000;7.21600000;288.12000000;
03.12.2016 03:31:30;neon;          1;          3;          4;          3;          3;         36;       6480;   1.000;5.70400000;308.85600000;.22000000;290.41200000;610.31201172;610.02001953;.29200000;246.36800000;35.38000000;7.39600000;296.27200000;
03.12.2016 03:45:18;neon;          1;          3;          4;          4;          1;         48;       8640;   1.000;9.35600000;421.75600000;.20400000;385.20400000;825.22003174;824.87200928;.34799999;325.62000000;47.81600000;10.03600000;405.06000000;
03.12.2016 03:59:03;neon;          1;          3;          4;          4;          3;         48;       8640;   1.000;9.74000000;414.56000000;.22800000;388.26800000;821.81201172;821.35198975;.46000001;328.46400000;48.28800000;9.82800000;397.60000000;
03.12.2016 04:16:04;neon;          1;          3;          4;          5;          1;         60;      10800;   1.000;14.26800000;511.82000000;.21200000;478.34800000;1018.13598633;1017.53601074;.60000002;402.92000000;61.02000000;12.18000000;490.74800000;
03.12.2016 04:33:15;neon;          1;          3;          4;          5;          3;         60;      10800;   1.000;14.89600000;510.48800000;.20800000;488.11600000;1027.72802734;1027.19604492;.53200001;411.56000000;62.18400000;12.15600000;489.07200000;
03.12.2016 04:36:30;neon;          1;          3;          5;          1;          1;         15;       2700;   1.000;1.24000000;71.80800000;.21600000;117.68400000;191.86399841;191.58799744;.27599999;100.74000000;14.75600000;1.72800000;66.68800000;
03.12.2016 04:39:46;neon;          1;          3;          5;          1;          3;         15;       2700;   1.000;1.25600000;71.90400000;.21600000;119.60800000;193.89999390;193.69999695;.20000000;102.72800000;14.67200000;1.73200000;66.72800000;
03.12.2016 04:47:48;neon;          1;          3;          5;          2;          1;         30;       5400;   1.000;3.90000000;235.60800000;.22800000;236.32000000;479.46398926;479.21600342;.24800000;200.59200000;29.07200000;5.66000000;225.37600000;
03.12.2016 04:55:57;neon;          1;          3;          5;          2;          3;         30;       5400;   1.000;4.04000000;238.72800000;.21600000;240.68000000;487.19998169;486.91198730;.28799999;205.10400000;28.82800000;5.73600000;228.31200000;
03.12.2016 05:08:27;neon;          1;          3;          5;          3;          1;         45;       8100;   1.000;8.27200000;373.70800000;.22000000;356.99600000;746.83599854;746.40399170;.43200001;301.59600000;44.70000000;9.06800000;358.14000000;
03.12.2016 05:21:09;neon;          1;          3;          5;          3;          3;         45;       8100;   1.000;8.60400000;378.05600000;.22000000;364.22400000;759.07598877;758.65997314;.41600001;308.76000000;44.69200000;9.19200000;362.26400000;
03.12.2016 05:38:24;neon;          1;          3;          5;          4;          1;         60;      10800;   1.000;14.32000000;510.18800000;.21600000;493.20000000;1031.41992188;1030.87194824;.54799998;416.97200000;61.78000000;12.18800000;488.46400000;
03.12.2016 05:55:43;neon;          1;          3;          5;          4;          3;         60;      10800;   1.000;14.84400000;518.64400000;.22800000;487.99600000;1035.70800781;1035.24401855;.46399999;410.84000000;62.60800000;12.31600000;497.20400000;
03.12.2016 06:17:44;neon;          1;          3;          5;          5;          1;         75;      13500;   1.000;21.88400000;672.44000000;.20400000;601.84800000;1317.23999023;1316.64404297;.59600002;503.91200000;79.14000000;15.80000000;645.73200000;
03.12.2016 06:39:53;neon;          1;          3;          5;          5;          3;         75;      13500;   1.000;22.75200000;668.34800000;.13600000;611.98400000;1324.91601562;1324.40405273;.51200002;514.18800000;79.16800000;15.70400000;641.19200000;
03.12.2016 06:40:40;neon;          1;          4;          1;          1;          1;          4;        720;   1.000;.35600000;11.85200000;.20000000;31.18000000;43.73199844;43.59199905;.14000000;26.84800000;3.90800000;.28400000;10.33600000;
03.12.2016 06:41:24;neon;          1;          4;          1;          1;          2;          4;        720;   1.000;.34800000;12.00800000;.21600000;31.43600000;44.15200043;44.03599930;.11600000;26.93600000;4.08000000;.30800000;10.49200000;
03.12.2016 06:42:11;neon;          1;          4;          1;          1;          4;          4;        720;   1.000;.36000000;12.22000000;.22400000;31.91200000;44.86400223;44.72800064;.13600001;27.48000000;4.00800000;.28000000;10.66400000;
03.12.2016 06:43:55;neon;          1;          4;          1;          2;          1;          8;       1440;   1.000;.58800000;38.91200000;.20000000;62.44800000;102.48000336;102.34799957;.13200000;53.56000000;7.73200000;.91200000;36.11200000;
03.12.2016 06:45:38;neon;          1;          4;          1;          2;          2;          8;       1440;   1.000;.59200000;38.14000000;.21600000;63.06000000;102.35600281;102.21600342;.14000000;53.86400000;8.04000000;.91200000;35.28400000;
03.12.2016 06:47:25;neon;          1;          4;          1;          2;          4;          8;       1440;   1.000;.58800000;40.03200000;.22000000;63.93200000;105.10399628;104.94799805;.15600000;54.81600000;7.94000000;.92800000;37.15200000;
03.12.2016 06:50:13;neon;          1;          4;          1;          3;          1;         12;       2160;   1.000;.93200000;61.64000000;.22000000;103.18000000;166.59201050;166.38000488;.21200000;89.86000000;11.52400000;1.44000000;57.27200000;
03.12.2016 06:52:51;neon;          1;          4;          1;          3;          2;         12;       2160;   1.000;.93200000;61.07200000;.21600000;94.27200000;157.10000610;156.88000488;.22000000;80.76400000;11.68400000;1.45200000;56.94400000;
03.12.2016 06:55:33;neon;          1;          4;          1;          3;          4;         12;       2160;   1.000;.96400000;61.60000000;.22000000;97.18400000;160.59999084;160.39999390;.20000000;83.57600000;11.73600000;1.51200000;57.40000000;
03.12.2016 06:59:08;neon;          1;          4;          1;          4;          1;         16;       2880;   1.000;1.47600000;85.18400000;.22400000;125.98400000;213.88398743;213.64799500;.23600000;108.01600000;15.47600000;2.00800000;79.75200000;
03.12.2016 07:02:38;neon;          1;          4;          1;          4;          2;         16;       2880;   1.000;1.34400000;81.05200000;.23600000;125.56400000;209.21998596;209.01199341;.20800000;107.62000000;15.53600000;1.93200000;75.60800000;
03.12.2016 07:06:14;neon;          1;          4;          1;          4;          4;         16;       2880;   1.000;1.40000000;83.18400000;.22000000;128.34000000;214.17999268;213.94799805;.23199999;110.29200000;15.55600000;1.99200000;77.60000000;
03.12.2016 07:10:38;neon;          1;          4;          1;          5;          1;         20;       3600;   1.000;1.87600000;101.76800000;.21600000;156.37200000;261.79602051;261.53601074;.25999999;134.04400000;19.29600000;2.42800000;94.92800000;
03.12.2016 07:15:03;neon;          1;          4;          1;          5;          2;         20;       3600;   1.000;1.86400000;103.11600000;.20000000;157.50400000;264.26400757;264.05200195;.21200000;135.08000000;19.35200000;2.45200000;96.31200000;
03.12.2016 07:19:30;neon;          1;          4;          1;          5;          4;         20;       3600;   1.000;1.95200000;103.10800000;.22000000;158.95200000;265.82000732;265.60800171;.21200000;136.71600000;19.17200000;2.44000000;96.20400000;
03.12.2016 07:21:14;neon;          1;          4;          2;          1;          1;          8;       1440;   1.000;.58800000;38.63200000;.19600000;62.80400000;102.56000519;102.42400360;.13600001;54.12000000;7.50400000;.93200000;35.84400000;
03.12.2016 07:22:58;neon;          1;          4;          2;          1;          2;          8;       1440;   1.000;.58000000;38.73600000;.20800000;63.00000000;102.84800720;102.68800354;.16000000;53.96400000;7.86400000;.93200000;35.89600000;
03.12.2016 07:24:45;neon;          1;          4;          2;          1;          4;          8;       1440;   1.000;.60400000;39.34800000;.21200000;64.80400000;105.31999969;105.17199707;.14800000;55.75600000;7.86800000;.91600000;36.44800000;
03.12.2016 07:29:04;neon;          1;          4;          2;          2;          1;         16;       2880;   1.000;1.38800000;129.04800000;.20000000;125.71200000;257.36798096;257.19198608;.17600000;106.79600000;15.37200000;3.03600000;123.61200000;
03.12.2016 07:33:22;neon;          1;          4;          2;          2;          2;         16;       2880;   1.000;1.41200000;128.04800000;.22400000;126.50800000;257.26397705;257.01599121;.24800000;107.51200000;15.50400000;3.00000000;122.57200000;
03.12.2016 07:37:47;neon;          1;          4;          2;          2;          4;         16;       2880;   1.000;1.43600000;132.43600000;.21600000;128.28800000;263.45199585;263.26400757;.18799999;109.17600000;15.49600000;3.13600000;126.91600000;
03.12.2016 07:44:35;neon;          1;          4;          2;          3;          1;         24;       4320;   1.000;2.61600000;211.62000000;.22000000;189.20400000;405.86401367;405.64001465;.22400001;160.00000000;23.40400000;5.04800000;203.45600000;
03.12.2016 07:51:16;neon;          1;          4;          2;          3;          2;         24;       4320;   1.000;2.65600000;203.86400000;.22000000;191.33200000;400.33200073;400.07998657;.25200000;162.32800000;23.39200000;4.85200000;195.60400000;
03.12.2016 07:58:08;neon;          1;          4;          2;          3;          4;         24;       4320;   1.000;2.72400000;210.36800000;.20000000;193.48000000;409.09597778;408.85198975;.24400000;164.36800000;23.44400000;4.93600000;202.04400000;
03.12.2016 08:07:07;neon;          1;          4;          2;          4;          1;         32;       5760;   1.000;4.38800000;276.76800000;.21600000;251.87600000;537.14001465;536.88000488;.25999999;213.37600000;30.92000000;6.52400000;265.84400000;
03.12.2016 08:16:13;neon;          1;          4;          2;          4;          2;         32;       5760;   1.000;4.48800000;276.75200000;.22400000;259.46800000;544.91198730;544.64398193;.26800001;220.58000000;31.32800000;6.50800000;265.73200000;
03.12.2016 08:25:19;neon;          1;          4;          2;          4;          4;         32;       5760;   1.000;4.63200000;276.68400000;.21600000;257.94400000;543.48004150;543.19201660;.28799999;219.40000000;30.99200000;6.50400000;265.38400000;
03.12.2016 08:36:33;neon;          1;          4;          2;          5;          1;         40;       7200;   1.000;6.55600000;342.91600000;.22000000;315.36800000;671.12402344;670.76000977;.36399999;266.39600000;39.51200000;8.08000000;329.07600000;
03.12.2016 08:47:52;neon;          1;          4;          2;          5;          2;         40;       7200;   1.000;6.73200000;346.77600000;.21600000;317.44400000;677.36401367;676.98400879;.38000000;269.08000000;38.88800000;8.12800000;332.90800000;
03.12.2016 08:59:15;neon;          1;          4;          2;          5;          4;         40;       7200;   1.000;6.90000000;343.50400000;.23600000;323.57200000;680.56396484;680.21997070;.34400001;274.89200000;39.24000000;8.05200000;329.42800000;
03.12.2016 09:01:57;neon;          1;          4;          3;          1;          1;         12;       2160;   1.000;.96000000;64.55600000;.22000000;93.46400000;159.80799866;159.62800598;.18000001;80.10400000;11.55200000;1.45600000;60.38400000;
03.12.2016 09:04:35;neon;          1;          4;          3;          1;          2;         12;       2160;   1.000;.95600000;61.30800000;.21200000;94.48800000;157.60400391;157.44400024;.16000000;80.93600000;11.72800000;1.45200000;57.08400000;
03.12.2016 09:07:17;neon;          1;          4;          3;          1;          4;         12;       2160;   1.000;.97600000;61.74400000;.21200000;96.59600000;160.16799927;159.99600220;.17200001;83.07600000;11.68400000;1.48400000;57.53200000;
03.12.2016 09:14:10;neon;          1;          4;          3;          2;          1;         24;       4320;   1.000;2.73600000;212.66400000;.22400000;193.58800000;411.47601318;411.20401001;.27200001;164.38800000;23.38800000;5.06000000;204.11200000;
03.12.2016 09:20:54;neon;          1;          4;          3;          2;          2;         24;       4320;   1.000;2.64800000;206.79200000;.22800000;191.07200000;402.95999146;402.73599243;.22400001;161.86800000;23.57200000;4.86000000;198.56000000;
03.12.2016 09:27:44;neon;          1;          4;          3;          2;          4;         24;       4320;   1.000;2.76800000;208.21600000;.21600000;193.48000000;406.97601318;406.69601440;.28000000;164.41600000;23.38800000;4.90000000;199.81600000;
03.12.2016 09:38:21;neon;          1;          4;          3;          3;          1;         36;       6480;   1.000;5.40000000;337.41200000;.20000000;287.28000000;635.22399902;634.79199219;.43200001;242.93600000;35.16000000;7.94400000;324.96000000;
03.12.2016 09:48:47;neon;          1;          4;          3;          3;          2;         36;       6480;   1.000;5.60400000;328.10000000;.22000000;285.86400000;624.81195068;624.47998047;.33199999;242.11200000;34.79200000;7.74400000;315.66800000;
03.12.2016 09:59:28;neon;          1;          4;          3;          3;          4;         36;       6480;   1.000;5.68400000;335.96800000;.22800000;291.00800000;638.05200195;637.76800537;.28400001;246.35600000;35.53600000;7.91600000;323.32400000;
03.12.2016 10:13:29;neon;          1;          4;          3;          4;          1;         48;       8640;   1.000;9.43600000;440.40000000;.22000000;380.07600000;838.84002686;838.49200439;.34799999;321.27600000;46.68400000;10.36800000;423.76400000;
03.12.2016 10:27:40;neon;          1;          4;          3;          4;          2;         48;       8640;   1.000;9.64400000;447.24400000;.21600000;383.48000000;849.46002197;849.12402344;.33600000;323.29200000;48.01600000;10.42400000;430.31200000;
03.12.2016 10:41:50;neon;          1;          4;          3;          4;          4;         48;       8640;   1.000;9.85200000;439.69600000;.22000000;388.37600000;847.17602539;846.84802246;.32800001;328.58400000;47.70400000;10.37600000;422.69600000;
03.12.2016 10:59:53;neon;          1;          4;          3;          5;          1;         60;      10800;   1.000;14.42800000;572.02000000;.21600000;480.24000000;1080.32800293;1079.81994629;.50800002;403.13600000;61.44400000;13.37200000;550.89600000;
03.12.2016 11:17:43;neon;          1;          4;          3;          5;          2;         60;      10800;   1.000;14.46000000;555.16400000;.22000000;484.20000000;1067.71997070;1067.16796875;.55199999;407.13600000;61.80800000;13.00000000;533.96000000;
03.12.2016 11:35:48;neon;          1;          4;          3;          5;          4;         60;      10800;   1.000;14.91200000;563.28000000;.22000000;489.51200000;1081.98791504;1081.52795410;.46000001;411.86000000;62.17600000;13.22400000;541.83600000;
03.12.2016 11:39:21;neon;          1;          4;          4;          1;          1;         16;       2880;   1.000;1.34800000;83.19600000;.20000000;124.95200000;210.69200134;210.47999573;.21200000;106.92000000;15.58400000;1.96000000;77.69600000;
03.12.2016 11:42:55;neon;          1;          4;          4;          1;          2;         16;       2880;   1.000;1.40400000;84.49600000;.23200000;126.15600000;213.33198547;213.12399292;.20800000;108.18400000;15.48400000;2.00400000;78.94000000;
03.12.2016 11:46:37;neon;          1;          4;          4;          1;          4;         16;       2880;   1.000;1.41200000;82.59200000;.22400000;135.28800000;220.57600403;220.37600708;.20000000;117.31600000;15.54800000;1.94800000;76.84000000;
03.12.2016 11:55:32;neon;          1;          4;          4;          2;          1;         32;       5760;   1.000;4.43200000;273.28000000;.22800000;251.67200000;533.47198486;533.20397949;.26800001;213.40000000;30.74400000;6.45600000;262.36400000;
03.12.2016 12:04:34;neon;          1;          4;          4;          2;          2;         32;       5760;   1.000;4.50400000;277.55200000;.22800000;253.88800000;540.14801025;539.82800293;.31999999;215.53200000;30.71600000;6.52800000;266.50000000;
03.12.2016 12:13:38;neon;          1;          4;          4;          2;          4;         32;       5760;   1.000;4.63600000;275.46000000;.20000000;257.58800000;541.95202637;541.65600586;.29600000;219.22000000;30.84400000;6.48000000;264.26800000;
03.12.2016 12:27:40;neon;          1;          4;          4;          3;          1;         48;       8640;   1.000;9.42800000;439.98000000;.21600000;380.45600000;838.84802246;838.50000000;.34799999;320.72800000;47.52800000;10.44800000;423.16400000;
03.12.2016 12:41:40;neon;          1;          4;          4;          3;          2;         48;       8640;   1.000;9.45200000;437.64400000;.22000000;383.08800000;839.20397949;838.75598145;.44800001;323.10000000;47.85600000;10.38400000;420.80800000;
03.12.2016 12:55:50;neon;          1;          4;          4;          3;          4;         48;       8640;   1.000;9.84800000;439.14400000;.22000000;388.20000000;846.44799805;846.06402588;.38400000;328.23600000;47.76400000;10.42000000;422.10400000;
03.12.2016 13:14:49;neon;          1;          4;          4;          4;          1;         64;      11520;   1.000;16.35200000;592.89200000;.22000000;511.26400000;1136.01599121;1135.48400879;.53200001;428.62000000;66.23600000;13.97200000;570.27200000;
03.12.2016 13:33:54;neon;          1;          4;          4;          4;          2;         64;      11520;   1.000;16.36800000;596.03200000;.22000000;515.82400000;1143.93603516;1143.42004395;.51599997;433.26800000;66.14000000;13.99600000;573.29200000;
03.12.2016 13:53:04;neon;          1;          4;          4;          4;          4;         64;      11520;   1.000;16.87600000;590.84400000;.21200000;522.80400000;1146.72009277;1146.18005371;.54000002;439.89200000;66.66000000;13.84000000;567.78800000;
03.12.2016 14:16:51;neon;          1;          4;          4;          5;          1;         80;      14400;   1.000;25.13600000;733.20000000;.14000000;641.51200000;1423.62390137;1422.81994629;.80400002;536.49200000;84.68400000;17.22400000;704.47200000;
03.12.2016 14:40:51;neon;          1;          4;          4;          5;          2;         80;      14400;   1.000;25.09600000;743.55200000;.21600000;645.66000000;1438.48400879;1437.89196777;.59200001;540.72800000;84.40000000;17.36800000;714.85600000;
03.12.2016 15:05:08;neon;          1;          4;          4;          5;          4;         80;      14400;   1.000;26.10000000;748.70000000;.14800000;653.39200000;1452.98400879;1452.34399414;.63999999;546.48800000;86.24000000;17.57200000;719.46400000;
03.12.2016 15:09:32;neon;          1;          4;          5;          1;          1;         20;       3600;   1.000;1.87600000;102.34000000;.21600000;155.98000000;261.99200439;261.65600586;.33600000;133.68800000;19.24000000;2.45600000;95.47200000;
03.12.2016 15:14:00;neon;          1;          4;          5;          1;          2;         20;       3600;   1.000;1.99200000;103.99200000;.22000000;159.56800000;267.38400269;267.17599487;.20800000;137.10400000;19.40400000;2.46800000;97.04400000;
03.12.2016 15:18:30;neon;          1;          4;          5;          1;          4;         20;       3600;   1.000;2.00000000;105.23600000;.20000000;159.33600000;268.38800049;268.16799927;.22000000;136.75600000;19.47200000;2.50800000;98.25600000;
03.12.2016 15:29:46;neon;          1;          4;          5;          2;          1;         40;       7200;   1.000;6.71600000;344.28000000;.22000000;316.16000000;673.44799805;673.00799561;.44000000;267.53200000;39.10400000;8.14000000;330.39200000;
03.12.2016 15:41:03;neon;          1;          4;          5;          2;          2;         40;       7200;   1.000;6.76800000;343.52800000;.21600000;319.15200000;675.82000732;675.53198242;.28799999;270.14800000;39.49600000;8.12800000;329.20000000;
03.12.2016 15:52:35;neon;          1;          4;          5;          2;          4;         40;       7200;   1.000;6.97600000;349.82000000;.22800000;325.68400000;689.08398438;688.71997070;.36399999;277.00400000;39.08000000;8.24400000;335.67600000;
03.12.2016 16:10:48;neon;          1;          4;          5;          3;          1;         60;      10800;   1.000;14.34400000;581.36800000;.22000000;481.44000000;1090.85595703;1090.39599609;.46000001;401.92000000;63.66000000;13.52800000;560.04000000;
03.12.2016 16:28:30;neon;          1;          4;          5;          3;          2;         60;      10800;   1.000;14.47200000;550.39200000;.21600000;481.78000000;1060.56396484;1060.03601074;.52800000;405.68000000;60.89200000;12.92800000;528.90400000;
03.12.2016 16:46:28;neon;          1;          4;          5;          3;          4;         60;      10800;   1.000;14.92400000;557.38000000;.21600000;488.39600000;1074.95996094;1074.49194336;.46799999;411.27200000;61.68400000;13.14400000;535.88000000;
03.12.2016 17:10:20;neon;          1;          4;          5;          4;          1;         80;      14400;   1.000;24.99600000;738.64800000;.23600000;641.55200000;1429.07202148;1428.47204590;.60000002;536.41200000;84.66000000;17.30400000;710.02000000;
03.12.2016 17:34:21;neon;          1;          4;          5;          4;          2;         80;      14400;   1.000;25.08000000;737.06000000;.22800000;652.78000000;1439.14794922;1438.52795410;.62000000;546.30000000;86.00800000;17.29200000;708.28000000;
03.12.2016 17:58:25;neon;          1;          4;          5;          4;          4;         80;      14400;   1.000;25.88400000;735.63600000;.13600000;653.45200000;1439.81604004;1439.13598633;.68000001;547.20000000;85.79200000;17.36400000;706.52800000;
03.12.2016 18:29:27;neon;          1;          4;          5;          5;          1;        100;      18000;   1.000;38.27200000;976.42000000;.12400000;807.94000000;1859.33996582;1858.48400879;.85600001;675.12400000;105.77600000;22.80000000;940.41200000;
03.12.2016 19:00:38;neon;          1;          4;          5;          5;          2;        100;      18000;   1.000;38.75600000;981.72400000;.22000000;810.48400000;1868.31591797;1867.59594727;.72000003;675.24400000;108.25600000;22.94800000;945.50000000;
03.12.2016 19:32:00;neon;          1;          4;          5;          5;          4;        100;      18000;   1.000;39.63600000;980.55200000;.13600000;819.76000000;1878.19604492;1877.46398926;.73199999;686.17600000;106.53600000;22.92000000;943.87200000;
03.12.2016 19:32:58;neon;          1;          5;          1;          1;          1;          5;        900;   1.000;.40800000;14.94000000;.22000000;39.50000000;55.26000214;55.06800079;.19200000;34.09200000;4.89600000;.35200000;13.08000000;
03.12.2016 19:33:56;neon;          1;          5;          1;          1;          5;          5;        900;   1.000;.40800000;14.88800000;.22000000;39.72400000;55.42800140;55.29199982;.13600001;34.34000000;4.86800000;.37200000;13.01600000;
03.12.2016 19:36:04;neon;          1;          5;          1;          2;          1;         10;       1800;   1.000;.73600000;47.88400000;.22000000;77.95200000;127.24400330;127.09200287;.15200000;66.84000000;9.67200000;1.14400000;44.45600000;
03.12.2016 19:38:26;neon;          1;          5;          1;          2;          2;         10;       1800;   1.000;.72000000;48.18800000;.21600000;86.89600000;136.50000000;130.72000122;5.78000021;66.44400000;18.40000000;1.72400000;44.35200000;
03.12.2016 19:40:38;neon;          1;          5;          1;          2;          5;         10;       1800;   1.000;.76400000;48.01600000;.22800000;79.60400000;129.08399963;128.94000244;.14399999;68.37600000;9.77200000;1.15200000;44.50800000;
03.12.2016 19:43:54;neon;          1;          5;          1;          3;          1;         15;       2700;   1.000;1.25600000;76.19200000;.20000000;116.61600000;195.18000793;194.99200439;.18799999;99.88800000;14.46000000;1.80800000;71.06800000;
03.12.2016 19:47:23;neon;          1;          5;          1;          3;          2;         15;       2700;   1.000;1.23600000;77.51600000;.20000000;124.69600000;204.55198669;199.06799316;5.48400021;99.18800000;22.35200000;2.70400000;72.08400000;
03.12.2016 19:50:57;neon;          1;          5;          1;          3;          5;         15;       2700;   1.000;1.26800000;77.12400000;.22000000;130.87600000;210.39599609;210.21600342;.18000001;113.79600000;14.81200000;1.80800000;71.50400000;
03.12.2016 19:55:19;neon;          1;          5;          1;          4;          1;         20;       3600;   1.000;1.87200000;102.04000000;.21200000;155.81200000;261.48001099;261.27999878;.20000000;133.17600000;19.60000000;2.42000000;95.22000000;
03.12.2016 20:00:09;neon;          1;          5;          1;          4;          2;         20;       3600;   1.000;1.86800000;103.19200000;.21600000;173.30000000;280.11999512;268.96798706;11.15200043;132.70000000;36.35200000;3.61600000;95.63200000;
03.12.2016 20:04:38;neon;          1;          5;          1;          4;          5;         20;       3600;   1.000;1.95200000;103.03200000;.22400000;159.35200000;266.15200806;265.97601318;.17600000;136.92800000;19.36000000;2.43600000;96.13600000;
03.12.2016 20:10:09;neon;          1;          5;          1;          5;          1;         25;       4500;   1.000;2.80000000;129.52800000;.22400000;194.93200000;329.88400269;329.60400391;.28000000;166.87200000;24.22400000;3.06000000;121.04800000;
03.12.2016 20:16:07;neon;          1;          5;          1;          5;          2;         25;       4500;   1.000;2.88000000;129.37600000;.20000000;213.33200000;348.22799683;336.50399780;11.72399998;166.09200000;41.94800000;4.46000000;119.99600000;
03.12.2016 20:21:45;neon;          1;          5;          1;          5;          5;         25;       4500;   1.000;3.00400000;129.64800000;.22000000;199.17600000;334.58001709;334.30801392;.27200001;171.24800000;24.08800000;3.04400000;120.99600000;
03.12.2016 20:23:54;neon;          1;          5;          2;          1;          1;         10;       1800;   1.000;.73200000;48.35600000;.21600000;77.88800000;127.64800262;127.47200012;.17600000;66.71200000;9.70400000;1.15600000;44.81200000;
03.12.2016 20:26:15;neon;          1;          5;          2;          1;          2;         10;       1800;   1.000;.72800000;48.54400000;.21200000;86.51200000;136.45599365;130.73599243;5.71999979;66.31600000;18.18400000;1.70400000;44.67200000;
03.12.2016 20:28:32;neon;          1;          5;          2;          1;          5;         10;       1800;   1.000;.76800000;48.90800000;.23200000;83.35200000;133.72399902;133.54400635;.18000001;72.07600000;9.80400000;1.14000000;45.37200000;
03.12.2016 20:33:58;neon;          1;          5;          2;          2;          1;         20;       3600;   1.000;1.90000000;164.37200000;.21200000;157.20000000;325.27600098;325.00799561;.26800001;133.24400000;19.38400000;3.92400000;157.50000000;
03.12.2016 20:39:55;neon;          1;          5;          2;          2;          2;         20;       3600;   1.000;1.90400000;166.79600000;.20800000;176.02800000;346.47198486;334.62399292;11.84799957;131.49600000;38.24800000;5.66000000;159.09600000;
03.12.2016 20:45:25;neon;          1;          5;          2;          2;          5;         20;       3600;   1.000;1.98800000;161.30400000;.21600000;160.92000000;326.05999756;325.83999634;.22000000;136.95200000;19.56400000;3.81200000;154.34000000;
03.12.2016 20:53:48;neon;          1;          5;          2;          3;          1;         30;       5400;   1.000;3.96000000;259.00000000;.21600000;236.00000000;502.59201050;502.32000732;.27200001;199.77600000;29.13600000;6.12400000;248.80400000;
03.12.2016 21:03:03;neon;          1;          5;          2;          3;          2;         30;       5400;   1.000;3.96400000;256.27600000;.22800000;276.09200000;540.11999512;522.29998779;17.81999969;209.79200000;56.21600000;8.98000000;244.82800000;
03.12.2016 21:11:34;neon;          1;          5;          2;          3;          5;         30;       5400;   1.000;4.16000000;256.52400000;.22000000;242.80400000;507.39999390;507.11999512;.28000000;206.62000000;29.11200000;6.06400000;246.13200000;
03.12.2016 21:22:45;neon;          1;          5;          2;          4;          1;         40;       7200;   1.000;6.77200000;341.78400000;.22000000;315.20800000;670.03997803;669.65197754;.38800001;265.62800000;40.11600000;8.06800000;328.08400000;
03.12.2016 21:35:09;neon;          1;          5;          2;          4;          2;         40;       7200;   1.000;6.78400000;349.57600000;.21600000;362.35200000;725.05596924;702.15197754;22.90399933;272.67600000;76.04400000;12.20400000;333.98000000;
03.12.2016 21:46:31;neon;          1;          5;          2;          4;          5;         40;       7200;   1.000;6.91600000;342.26400000;.22800000;321.82800000;677.59997559;677.21600342;.38400000;273.43600000;38.96400000;8.06400000;328.21600000;
03.12.2016 22:00:45;neon;          1;          5;          2;          5;          1;         50;       9000;   1.000;10.11200000;437.39600000;.22000000;395.37600000;852.56402588;852.11602783;.44800001;333.43600000;49.97200000;10.19600000;420.06000000;
03.12.2016 22:16:19;neon;          1;          5;          2;          5;          2;         50;       9000;   1.000;10.25200000;444.04800000;.22400000;445.18800000;909.21600342;879.55603027;29.65999985;332.12400000;95.96400000;15.34800000;424.44400000;
03.12.2016 22:30:48;neon;          1;          5;          2;          5;          5;         50;       9000;   1.000;10.52400000;439.80400000;.22000000;404.37200000;864.72399902;864.31201172;.41200000;342.15200000;50.04000000;10.33200000;422.05600000;
03.12.2016 22:34:07;neon;          1;          5;          3;          1;          1;         15;       2700;   1.000;1.24400000;79.04800000;.20400000;116.79200000;198.18800354;197.96400452;.22400001;100.03600000;14.43600000;1.86800000;73.99600000;
03.12.2016 22:37:41;neon;          1;          5;          3;          1;          2;         15;       2700;   1.000;1.24800000;80.42400000;.20400000;125.44000000;208.23600769;202.74400330;5.49200010;99.73600000;22.38000000;2.84400000;74.96400000;
03.12.2016 22:41:08;neon;          1;          5;          3;          1;          5;         15;       2700;   1.000;1.34800000;80.05600000;.22000000;121.65200000;204.22399902;204.00799561;.21600001;104.54000000;14.78000000;1.84800000;74.66800000;
03.12.2016 22:49:34;neon;          1;          5;          3;          2;          1;         30;       5400;   1.000;3.95600000;261.58800000;.22800000;235.87600000;505.10000610;504.82000732;.28000000;199.99200000;28.78800000;6.11200000;251.41600000;
03.12.2016 22:58:44;neon;          1;          5;          3;          2;          2;         30;       5400;   1.000;3.99200000;263.04000000;.21600000;264.76400000;535.29602051;518.12402344;17.17200089;199.11200000;55.41200000;9.15600000;251.59200000;
03.12.2016 23:07:20;neon;          1;          5;          3;          2;          5;         30;       5400;   1.000;4.10800000;263.32800000;.21200000;241.06000000;512.28002930;512.01202393;.26800001;204.58800000;29.32000000;6.15600000;252.90800000;
03.12.2016 23:20:22;neon;          1;          5;          3;          3;          1;         45;       8100;   1.000;8.27200000;408.67200000;.21600000;355.91600000;780.69201660;780.26800537;.42399999;300.00400000;44.70000000;9.60800000;393.18800000;
03.12.2016 23:34:45;neon;          1;          5;          3;          3;          2;         45;       8100;   1.000;8.47200000;425.76800000;.22800000;400.91600000;843.31604004;820.57202148;22.74399948;303.14000000;81.14800000;14.99200000;408.56400000;
03.12.2016 23:48:05;neon;          1;          5;          3;          3;          5;         45;       8100;   1.000;8.65600000;414.71600000;.22000000;363.74800000;795.32397461;794.92797852;.39600000;308.07600000;44.40000000;9.68800000;398.94000000;
04.12.2016 00:05:44;neon;          1;          5;          3;          4;          1;         60;      10800;   1.000;14.25200000;552.06000000;.20000000;477.66800000;1057.75207520;1057.30004883;.45199999;400.74800000;61.79600000;12.86000000;530.94800000;
04.12.2016 00:25:44;neon;          1;          5;          3;          4;          2;         60;      10800;   1.000;14.47200000;558.31600000;.22000000;558.00400000;1144.95605469;1109.61206055;35.34400177;416.03600000;120.22000000;19.40000000;534.23600000;
04.12.2016 00:43:55;neon;          1;          5;          3;          4;          5;         60;      10800;   1.000;14.90000000;559.75600000;.22400000;496.67600000;1085.61999512;1085.10803223;.51200002;419.27600000;62.14000000;13.00000000;538.30000000;
04.12.2016 01:06:47;neon;          1;          5;          3;          5;          1;         75;      13500;   1.000;21.95200000;720.53200000;.21200000;606.17200000;1369.68395996;1369.03198242;.65200001;507.49200000;79.23600000;16.52400000;693.84000000;
04.12.2016 01:32:41;neon;          1;          5;          3;          5;          2;         75;      13500;   1.000;22.13200000;720.22400000;.22400000;707.51600000;1471.19995117;1427.17199707;44.02799988;528.54000000;151.18000000;24.56000000;689.84800000;
04.12.2016 01:55:41;neon;          1;          5;          3;          5;          5;         75;      13500;   1.000;23.00400000;715.30800000;.22400000;613.81200000;1374.09204102;1373.43200684;.66000003;515.68000000;78.78400000;16.37600000;688.22800000;
04.12.2016 02:00:08;neon;          1;          5;          4;          1;          1;         20;       3600;   1.000;1.98400000;103.56400000;.21600000;158.34000000;265.72399902;265.46398926;.25999999;135.85200000;19.41600000;2.48000000;96.74000000;
04.12.2016 02:05:09;neon;          1;          5;          4;          1;          2;         20;       3600;   1.000;1.93200000;105.18800000;.21200000;181.14000000;290.05603027;277.64001465;12.41600037;135.23600000;41.56400000;3.68000000;97.31200000;
04.12.2016 02:09:41;neon;          1;          5;          4;          1;          5;         20;       3600;   1.000;1.97600000;104.94800000;.21200000;159.66800000;268.42398071;268.23199463;.19200000;137.06000000;19.49200000;2.48800000;98.02400000;
04.12.2016 02:20:54;neon;          1;          5;          4;          2;          1;         40;       7200;   1.000;6.61200000;344.34800000;.22000000;315.46800000;672.73199463;672.41998291;.31200001;266.63200000;39.27200000;8.14800000;330.52400000;
04.12.2016 02:33:07;neon;          1;          5;          4;          2;          2;         40;       7200;   1.000;6.74400000;346.62000000;.22000000;354.92800000;714.56799316;692.07598877;22.49200058;266.78800000;74.63600000;12.01200000;331.16400000;
04.12.2016 02:44:28;neon;          1;          5;          4;          2;          5;         40;       7200;   1.000;6.90400000;340.43200000;.23200000;323.28800000;677.22003174;676.87200928;.34799999;274.21600000;39.46000000;8.20000000;326.42800000;
04.12.2016 03:02:03;neon;          1;          5;          4;          3;          1;         60;      10800;   1.000;14.22000000;547.50400000;.21600000;477.77200000;1053.18395996;1052.71997070;.46399999;401.44000000;61.12000000;12.92000000;526.51600000;
04.12.2016 03:22:14;neon;          1;          5;          4;          3;          2;         60;      10800;   1.000;14.51200000;568.00000000;.23600000;557.81200000;1154.58801270;1118.30004883;36.28799820;415.48400000;120.02800000;19.86400000;544.07200000;
04.12.2016 03:40:25;neon;          1;          5;          4;          3;          5;         60;      10800;   1.000;15.02400000;567.34400000;.21600000;489.65600000;1086.27600098;1085.79602051;.47999999;412.66000000;61.37600000;13.34800000;545.92000000;
04.12.2016 04:04:21;neon;          1;          5;          4;          4;          1;         80;      14400;   1.000;24.96400000;743.52000000;.14400000;641.46800000;1433.64807129;1433.09204102;.55599999;535.48800000;85.19600000;17.60400000;714.92000000;
04.12.2016 04:32:19;neon;          1;          5;          4;          4;          2;         80;      14400;   1.000;25.27200000;742.84400000;.22000000;776.96800000;1569.11206055;1516.66003418;52.45199966;572.43200000;174.90800000;26.30400000;710.09600000;
04.12.2016 04:56:49;neon;          1;          5;          4;          4;          5;         80;      14400;   1.000;25.96800000;756.90000000;.22000000;656.80400000;1464.55603027;1464.01599121;.54000002;549.59200000;86.08000000;17.95600000;727.66800000;
04.12.2016 05:26:59;neon;          1;          5;          4;          5;          1;        100;      18000;   1.000;38.27600000;928.39200000;.13600000;804.39200000;1807.80395508;1807.06799316;.73600000;669.92400000;108.54800000;21.84000000;892.54000000;
04.12.2016 06:03:00;neon;          1;          5;          4;          5;          2;        100;      18000;   1.000;38.44400000;954.92000000;.21600000;976.22800000;2007.53601074;1939.27197266;68.26399994;707.44400000;231.32000000;33.11200000;911.89200000;
04.12.2016 06:33:42;neon;          1;          5;          4;          5;          5;        100;      18000;   1.000;39.67600000;935.28400000;.13600000;822.48400000;1835.74401855;1834.91601562;.82800001;688.00800000;108.33600000;21.98400000;898.71200000;
04.12.2016 06:39:16;neon;          1;          5;          5;          1;          1;         25;       4500;   1.000;2.83200000;132.64000000;.22800000;194.55200000;332.66400146;332.40798950;.25600001;166.69600000;24.02400000;3.07600000;124.16000000;
04.12.2016 06:45:17;neon;          1;          5;          5;          1;          2;         25;       4500;   1.000;2.83600000;135.01600000;.22000000;211.32800000;351.82800293;341.11199951;10.71599960;165.74400000;40.13600000;4.62000000;125.69600000;
04.12.2016 06:51:00;neon;          1;          5;          5;          1;          5;         25;       4500;   1.000;2.96000000;134.76000000;.21200000;199.29600000;339.72399902;339.45999146;.26400000;171.30800000;24.06800000;3.13200000;126.03600000;
04.12.2016 07:05:21;neon;          1;          5;          5;          2;          1;         50;       9000;   1.000;9.98000000;444.66000000;.22000000;395.15600000;859.37603760;858.96002197;.41600001;333.73200000;49.42000000;10.19200000;427.32000000;
04.12.2016 07:21:26;neon;          1;          5;          5;          2;          2;         50;       9000;   1.000;10.22400000;465.04800000;.22800000;451.95200000;937.15197754;908.55200195;28.60000038;339.94400000;93.78800000;16.33600000;444.82000000;
04.12.2016 07:36:03;neon;          1;          5;          5;          2;          5;         50;       9000;   1.000;10.52400000;445.85200000;.20000000;404.93600000;871.32800293;870.89202881;.43599999;342.49600000;50.30800000;10.30800000;428.10800000;
04.12.2016 07:58:47;neon;          1;          5;          5;          3;          1;         75;      13500;   1.000;21.91600000;704.68400000;.20000000;614.91600000;1362.51196289;1361.95996094;.55199999;517.42800000;78.27200000;16.32400000;678.17600000;
04.12.2016 08:24:35;neon;          1;          5;          5;          3;          2;         75;      13500;   1.000;22.19200000;712.35200000;.22800000;707.00800000;1462.81201172;1418.70397949;44.10800171;527.66800000;151.82400000;24.36400000;682.13200000;
04.12.2016 08:47:51;neon;          1;          5;          5;          3;          5;         75;      13500;   1.000;22.89600000;722.42000000;.21200000;623.06800000;1390.32800293;1389.70800781;.62000000;523.39600000;80.17200000;16.58800000;695.08400000;
04.12.2016 09:18:42;neon;          1;          5;          5;          4;          1;        100;      18000;   1.000;38.06400000;957.77600000;.21200000;816.05600000;1848.67199707;1847.89599609;.77600002;682.07600000;107.79200000;22.08400000;921.98800000;
04.12.2016 09:55:51;neon;          1;          5;          5;          4;          2;        100;      18000;   1.000;38.49600000;978.64800000;.23200000;1024.64800000;2080.09204102;2009.09204102;71.00000000;750.89600000;235.97600000;33.13600000;931.36400000;
04.12.2016 10:27:06;neon;          1;          5;          5;          4;          5;        100;      18000;   1.000;39.70800000;955.39200000;.14000000;834.99600000;1868.40002441;1867.61999512;.77999997;700.20400000;108.67200000;21.96400000;918.70800000;
04.12.2016 11:05:55;neon;          1;          5;          5;          5;          1;        125;      22500;   1.000;58.78400000;1208.51600000;.21600000;1003.12000000;2327.26416016;2326.22412109;1.03999996;836.44800000;133.39600000;27.80400000;1163.31200000;
04.12.2016 11:51:56;neon;          1;          5;          5;          5;          2;        125;      22500;   1.000;59.19600000;1267.04000000;.22000000;1211.61200000;2595.29589844;2514.36791992;80.92800140;890.56000000;272.62000000;42.71200000;1203.85600000;
04.12.2016 12:31:40;neon;          1;          5;          5;          5;          5;        125;      22500;   1.000;61.43600000;1222.72000000;.14000000;1032.44000000;2375.91992188;2374.82788086;1.09200001;862.61200000;136.06000000;28.27600000;1176.44800000;
