# Stamp; Host; NProc; X; Y; Z; F; Total FE; Total M; End Time; Dur. Init; Stretch Sim; Int. Init; Main Sim; Total; Total (User); Total (System); ODE; Parabolic; FE; FE before Main Sim" 
07.12.2016 17:57:42;neon;          1;          3;          4;          1;          1;         12;       2160;   1.000;2.82800000;62.81200000;.00000000;1048.18400000;1115.11596680;1114.70800781;.40799999;1032.66000000;15.07200000;.09600000;2.06400000;
07.12.2016 18:16:04;neon;          2;          3;          4;          2;          1;         24;       4320;   1.000;2.67600000;65.34000000;.00400000;1029.64400000;1098.97204590;1097.93200684;1.03999996;1008.96400000;13.70800000;6.57200000;13.26400000;
07.12.2016 18:34:23;neon;          4;          3;          8;          2;          1;         48;       8640;   1.000;3.70400000;59.45200000;.00000000;1031.05200000;1095.76806641;1094.00805664;1.75999999;1015.64400000;14.86400000;.25200000;6.82000000;
07.12.2016 18:53:15;neon;          8;          6;          8;          2;          1;         96;      17280;   1.000;7.99600000;66.85600000;.00000000;1052.30000000;1128.95202637;1122.74804688;6.20400000;1023.30000000;28.26000000;.43200000;13.56400000;
07.12.2016 19:12:23;neon;         12;          6;          8;          3;          1;        144;      25920;   1.000;12.25200000;76.84800000;.00000000;1053.46800000;1144.28393555;1134.26794434;10.01599979;1024.28800000;28.17600000;.64000000;23.55600000;
07.12.2016 19:31:43;neon;         16;          6;          8;          4;          1;        192;      34560;   1.000;16.97600000;79.38000000;.00000000;1059.19600000;1157.59997559;1143.34399414;14.25599957;1030.98400000;27.20800000;.66000000;25.96000000;
07.12.2016 20:03:14;neon;         24;          6;         12;          4;          1;        288;      51840;   1.000;20.90400000;178.23600000;.00400000;1638.62000000;1841.58398438;1826.80395508;14.77999973;1388.38000000;248.50400000;1.14400000;79.97200000;
07.12.2016 20:44:53;neon;         32;          6;         16;          4;          1;        384;      69120;   1.000;16.31200000;215.80800000;.00400000;2236.29600000;2475.00000000;2456.71997070;18.28000069;1526.14000000;706.74000000;2.68800000;126.77600000;
08.12.2016 11:07:29;neon;          1;          3;          4;          1;          1;         12;       2160;   1.000;1.83600000;56.96000000;.00000000;1090.98400000;1151.07202148;1150.86804199;.20400000;1075.53600000;14.96000000;.13200000;2.19600000;
08.12.2016 11:26:11;neon;          2;          3;          4;          2;          1;         24;       4320;   1.000;1.91600000;66.68800000;.00000000;1049.80800000;1119.73193359;1119.42395020;.30800000;1026.28800000;16.47600000;6.61600000;14.00400000;
08.12.2016 11:44:46;neon;          4;          3;          8;          2;          1;         48;       8640;   1.000;2.32000000;59.64800000;.00400000;1048.90000000;1112.21594238;1111.95996094;.25600001;1027.90400000;20.42000000;.26800000;6.71600000;
08.12.2016 12:03:36;neon;          8;          6;          8;          2;          1;         96;      17280;   1.000;2.86000000;66.30800000;.00000000;1055.48000000;1126.18005371;1125.72399902;.45600000;1023.20400000;31.55200000;.42800000;12.09200000;
08.12.2016 12:22:33;neon;         12;          6;          8;          3;          1;        144;      25920;   1.000;4.01600000;74.95600000;.00000000;1052.94000000;1133.55200195;1133.00402832;.54799998;1024.65600000;27.28800000;.65200000;20.44400000;
08.12.2016 12:53:36;neon;         16;          6;          8;          4;          1;        192;      34560;   1.000;5.34000000;135.00000000;.00400000;1681.67600000;1825.22802734;1820.15197754;5.07600021;1444.05200000;235.76400000;1.22000000;45.12000000;
08.12.2016 15:28:25;neon;          4;          3;          8;          2;          1;         48;       8640;   1.000;2.81600000;60.98000000;.00400000;1052.64400000;1117.79992676;1117.54797363;.25200000;1025.46400000;26.59600000;.26000000;6.97600000;            T;            T;
08.12.2016 15:47:34;neon;          8;          6;          8;          2;          1;         96;      17280;   1.000;3.02400000;67.65200000;.00400000;1073.80400000;1146.05200195;1145.69604492;.35600001;1027.37600000;45.68800000;.44800000;12.29600000;            T;            T;
08.12.2016 16:11:23;neon;         12;          6;          8;          3;          1;        144;      25920;   1.000;3.96400000;84.98800000;.00000000;1333.92000000;1425.36401367;1424.83203125;.53200001;1153.19200000;179.50400000;.78400000;21.26000000;            T;            T;
08.12.2016 16:39:24;neon;         16;          6;          8;          4;          1;        192;      34560;   1.000;6.15600000;114.96400000;.00000000;1548.40800000;1672.34399414;1671.41601562;.92799997;1421.67600000;125.18400000;.99200000;33.82800000;            T;            T;
# Stamp; Host; NProc; X; Y; Z; F; Total FE; Total M; End Time; Dur. Init; Stretch Sim; Int. Init; Main Sim; Total; Total (User); Total (System); ODE; Parabolic; FE; FE before Main Sim" 
07.12.2016 18:16:04;neon;          2;          3;          4;          2;          1;         24;       4320;   1.000;2.64400000;65.10800000;.00400000;1028.60000000;1098.88403320;1098.02404785;.86000001;1007.30000000;20.58800000;.41200000;12.99200000;
07.12.2016 18:34:23;neon;          4;          3;          8;          2;          1;         48;       8640;   1.000;3.76400000;59.43600000;.00000000;1031.04800000;1095.82409668;1093.85205078;1.97200000;1010.49200000;20.01200000;.26000000;6.81600000;
07.12.2016 18:53:15;neon;          8;          6;          8;          2;          1;         96;      17280;   1.000;7.98000000;66.84000000;.00000000;1052.30400000;1128.92407227;1122.69201660;6.23199987;1022.81600000;28.75600000;.41200000;13.56800000;
07.12.2016 19:12:23;neon;         12;          6;          8;          3;          1;        144;      25920;   1.000;12.22400000;76.84800000;.00000000;1053.46800000;1144.26000977;1133.70800781;10.55200005;1021.47200000;31.01600000;.64800000;23.55200000;
07.12.2016 19:31:43;neon;         16;          6;          8;          4;          1;        192;      34560;   1.000;16.79600000;79.48000000;.00000000;1059.19600000;1157.40808105;1145.93603516;11.47200012;1022.74400000;35.41200000;.65200000;25.95600000;
07.12.2016 20:03:14;neon;         24;          6;         12;          4;          1;        288;      51840;   1.000;20.68400000;193.02400000;.00000000;1654.96800000;1872.28393555;1853.59997559;18.68400002;1398.70400000;254.50800000;1.14400000;91.04000000;
07.12.2016 20:44:53;neon;         32;          6;         16;          4;          1;        384;      69120;   1.000;16.75200000;212.42000000;.00400000;2148.29600000;2384.22412109;2361.55200195;22.67200089;1527.60400000;617.30800000;2.58400000;122.64000000;
08.12.2016 11:26:11;neon;          2;          3;          4;          2;          1;         24;       4320;   1.000;1.87600000;66.47600000;.00000000;1048.88800000;1119.72790527;1119.47595215;.25200000;1027.00000000;21.14400000;.41600000;13.70800000;
08.12.2016 11:44:46;neon;          4;          3;          8;          2;          1;         48;       8640;   1.000;2.20000000;59.70000000;.00400000;1048.90000000;1112.20397949;1111.85998535;.34400001;1030.61200000;17.70400000;.26000000;6.70400000;
08.12.2016 12:03:36;neon;          8;          6;          8;          2;          1;         96;      17280;   1.000;3.20800000;66.12000000;.00000000;1055.47600000;1126.37597656;1125.92395020;.45199999;1021.97600000;32.77200000;.42000000;12.09600000;
08.12.2016 12:22:33;neon;         12;          6;          8;          3;          1;        144;      25920;   1.000;3.89200000;75.06000000;.00000000;1052.94000000;1133.48803711;1133.05200195;.43599999;1025.91200000;25.99600000;.65600000;20.44000000;
08.12.2016 12:53:36;neon;         16;          6;          8;          4;          1;        192;      34560;   1.000;5.37200000;135.97200000;.00000000;1683.05600000;1827.77600098;1822.42395020;5.35200024;1437.66800000;243.48400000;1.22400000;45.98000000;
08.12.2016 15:28:25;neon;          4;          3;          8;          2;          1;         48;       8640;   1.000;2.98000000;61.00800000;.00000000;1052.64800000;1118.03198242;1117.76403809;.26800001;1026.30800000;25.80000000;.27200000;6.97200000;            T;            T;
08.12.2016 15:47:34;neon;          8;          6;          8;          2;          1;         96;      17280;   1.000;3.07600000;67.63200000;.00000000;1073.80800000;1146.07995605;1145.76794434;.31200001;1023.12400000;49.92000000;.43600000;12.30000000;            T;            T;
08.12.2016 16:11:23;neon;         12;          6;          8;          3;          1;        144;      25920;   1.000;3.80800000;85.17600000;.00400000;1334.19600000;1425.60009766;1425.09204102;.50800002;1154.67200000;178.33600000;.79600000;21.26400000;            T;            T;
08.12.2016 16:39:24;neon;         16;          6;          8;          4;          1;        192;      34560;   1.000;6.07600000;115.87600000;.00400000;1549.02400000;1673.76403809;1673.00000000;.76400000;1432.24000000;115.22800000;1.04000000;33.96400000;            T;            T;
# Stamp; Host; NProc; X; Y; Z; F; Total FE; Total M; End Time; Dur. Init; Stretch Sim; Int. Init; Main Sim; Total; Total (User); Total (System); ODE; Parabolic; FE; FE before Main Sim" 
07.12.2016 18:34:23;neon;          4;          3;          8;          2;          1;         48;       8640;   1.000;3.79200000;59.42000000;.00400000;1031.04800000;1095.86401367;1093.79199219;2.07200003;1013.37600000;17.13600000;.26400000;6.81600000;
07.12.2016 18:53:15;neon;          8;          6;          8;          2;          1;         96;      17280;   1.000;7.98000000;66.84400000;.00000000;1052.30400000;1128.92004395;1121.96398926;6.95599985;1026.23600000;25.32000000;.42000000;13.56400000;
07.12.2016 19:12:23;neon;         12;          6;          8;          3;          1;        144;      25920;   1.000;12.27200000;76.84400000;.00000000;1053.47200000;1144.28393555;1132.92395020;11.35999966;1024.44800000;28.03200000;.64000000;23.55600000;
07.12.2016 19:31:43;neon;         16;          6;          8;          4;          1;        192;      34560;   1.000;16.76800000;79.46800000;.00400000;1059.19600000;1157.42395020;1141.63195801;15.79199982;1040.33600000;17.86800000;.65200000;25.95600000;
07.12.2016 20:03:14;neon;         24;          6;         12;          4;          1;        288;      51840;   1.000;20.69600000;197.30800000;.00400000;1657.76800000;1879.73999023;1862.19201660;17.54800034;1393.87600000;262.24000000;1.14800000;93.72000000;
07.12.2016 20:44:53;neon;         32;          6;         16;          4;          1;        384;      69120;   1.000;16.29200000;215.78000000;.00000000;2205.33200000;2443.16381836;2413.95190430;29.21199989;1488.50400000;713.41200000;2.69600000;125.87600000;
08.12.2016 11:44:46;neon;          4;          3;          8;          2;          1;         48;       8640;   1.000;2.30400000;59.64800000;.00400000;1048.90000000;1112.24401855;1111.95202637;.29200000;1026.23600000;22.09200000;.27200000;6.70800000;
08.12.2016 12:03:36;neon;          8;          6;          8;          2;          1;         96;      17280;   1.000;3.07200000;66.25600000;.00400000;1055.48000000;1126.31994629;1126.00000000;.31999999;1021.28400000;33.45600000;.42400000;12.08800000;
08.12.2016 12:22:33;neon;         12;          6;          8;          3;          1;        144;      25920;   1.000;4.24000000;74.65600000;.00400000;1052.94800000;1133.73999023;1133.10803223;.63200003;1022.55200000;29.35200000;.66000000;20.44800000;
08.12.2016 12:53:36;neon;         16;          6;          8;          4;          1;        192;      34560;   1.000;4.76800000;136.99200000;.00400000;1693.08000000;1838.29992676;1835.57995605;2.72000003;1489.89600000;201.15200000;1.28400000;45.75600000;
08.12.2016 15:28:25;neon;          4;          3;          8;          2;          1;         48;       8640;   1.000;3.42000000;60.85200000;.00400000;1052.64800000;1118.30798340;1117.94799805;.36000001;1025.94000000;26.14000000;.26000000;6.97200000;            T;            T;
08.12.2016 15:47:34;neon;          8;          6;          8;          2;          1;         96;      17280;   1.000;2.95200000;67.71600000;.00000000;1073.81200000;1146.00793457;1145.57995605;.42800000;1020.91200000;52.15200000;.42000000;12.30000000;            T;            T;
08.12.2016 16:11:23;neon;         12;          6;          8;          3;          1;        144;      25920;   1.000;3.89600000;84.98400000;.00400000;1334.06400000;1425.40002441;1424.83203125;.56800002;1154.10000000;178.74800000;.78400000;21.26400000;            T;            T;
08.12.2016 16:39:24;neon;         16;          6;          8;          4;          1;        192;      34560;   1.000;6.06000000;115.80000000;.00400000;1547.25600000;1671.77197266;1671.08801270;.68400002;1421.90400000;123.76000000;.98000000;33.57600000;            T;            T;
# Stamp; Host; NProc; X; Y; Z; F; Total FE; Total M; End Time; Dur. Init; Stretch Sim; Int. Init; Main Sim; Total; Total (User); Total (System); ODE; Parabolic; FE; FE before Main Sim" 
07.12.2016 18:34:23;neon;          4;          3;          8;          2;          1;         48;       8640;   1.000;3.72400000;59.47200000;.00000000;1031.04400000;1095.81201172;1093.95605469;1.85599995;1010.29200000;20.20400000;.24800000;6.81600000;
07.12.2016 18:53:15;neon;          8;          6;          8;          2;          1;         96;      17280;   1.000;8.13600000;66.72800000;.00000000;1052.30000000;1129.02392578;1121.66796875;7.35599995;1026.96400000;24.61600000;.42800000;13.56400000;
07.12.2016 19:12:23;neon;         12;          6;          8;          3;          1;        144;      25920;   1.000;12.29600000;76.84000000;.00400000;1053.46400000;1144.32800293;1133.04394531;11.28400040;1032.99200000;19.49600000;.64400000;23.54400000;
07.12.2016 19:31:43;neon;         16;          6;          8;          4;          1;        192;      34560;   1.000;16.83200000;79.46800000;.00000000;1059.19600000;1157.50000000;1141.80395508;15.69600010;1021.92000000;36.28400000;.64800000;25.95600000;
07.12.2016 20:03:14;neon;         24;          6;         12;          4;          1;        288;      51840;   1.000;20.63600000;196.02400000;.00000000;1660.28800000;1880.46789551;1858.59594727;21.87199974;1398.84400000;259.72000000;1.14400000;93.30000000;
07.12.2016 20:44:53;neon;         32;          6;         16;          4;          1;        384;      69120;   1.000;16.15600000;216.28800000;.00000000;2077.61600000;2316.28393555;2285.76000977;30.52400017;1498.78000000;575.56800000;2.46400000;127.34000000;
08.12.2016 11:44:46;neon;          4;          3;          8;          2;          1;         48;       8640;   1.000;2.34400000;59.65600000;.00400000;1048.90000000;1112.27600098;1112.02795410;.24800000;1027.49200000;20.82000000;.27600000;6.70400000;
08.12.2016 12:03:36;neon;          8;          6;          8;          2;          1;         96;      17280;   1.000;3.21600000;66.06400000;.00400000;1055.47600000;1126.36401367;1125.80798340;.55599999;1031.75200000;22.98800000;.42400000;12.09200000;
08.12.2016 12:22:33;neon;         12;          6;          8;          3;          1;        144;      25920;   1.000;4.42000000;74.49600000;.00400000;1052.93600000;1133.73205566;1133.00805664;.72399998;1022.79200000;29.18000000;.65200000;20.44400000;
08.12.2016 12:53:36;neon;         16;          6;          8;          4;          1;        192;      34560;   1.000;4.70000000;137.74000000;.00000000;1698.94000000;1844.89196777;1843.15600586;1.73599994;1457.45200000;239.50800000;1.30400000;45.91200000;
08.12.2016 15:28:25;neon;          4;          3;          8;          2;          1;         48;       8640;   1.000;2.81200000;61.01200000;.00400000;1052.64800000;1117.84399414;1117.59997559;.24400000;1036.22800000;15.86400000;.26000000;6.96800000;            T;            T;
08.12.2016 15:47:34;neon;          8;          6;          8;          2;          1;         96;      17280;   1.000;3.25200000;67.43600000;.00000000;1073.80800000;1146.06811523;1145.56005859;.50800002;1042.96400000;30.10400000;.43600000;12.30000000;            T;            T;
08.12.2016 16:11:23;neon;         12;          6;          8;          3;          1;        144;      25920;   1.000;3.73600000;85.18400000;.00000000;1333.66800000;1425.07604980;1424.61206055;.46399999;1148.15200000;184.34400000;.78800000;21.26800000;            T;            T;
08.12.2016 16:39:24;neon;         16;          6;          8;          4;          1;        192;      34560;   1.000;6.04000000;115.82800000;.00400000;1546.52800000;1671.16796875;1669.97998047;1.18799996;1420.64800000;124.24800000;1.03200000;33.99200000;            T;            T;
# Stamp; Host; NProc; X; Y; Z; F; Total FE; Total M; End Time; Dur. Init; Stretch Sim; Int. Init; Main Sim; Total; Total (User); Total (System); ODE; Parabolic; FE; FE before Main Sim" 
07.12.2016 18:53:15;neon;          8;          6;          8;          2;          1;         96;      17280;   1.000;8.10400000;66.72800000;.00000000;1052.30000000;1128.94799805;1122.13195801;6.81599998;1023.66800000;27.86800000;.40800000;13.56800000;
07.12.2016 19:12:23;neon;         12;          6;          8;          3;          1;        144;      25920;   1.000;12.27600000;76.84000000;.00400000;1053.46800000;1144.29602051;1132.41198730;11.88399982;1027.44000000;25.02400000;.66400000;23.54800000;
07.12.2016 19:31:43;neon;         16;          6;          8;          4;          1;        192;      34560;   1.000;16.84400000;79.47200000;.00000000;1059.20000000;1157.43200684;1150.36804199;7.06400013;1022.97200000;35.24000000;.64400000;25.95600000;
07.12.2016 20:03:14;neon;         24;          6;         12;          4;          1;        288;      51840;   1.000;20.87600000;188.30000000;.00000000;1651.16800000;1864.29992676;1847.14794922;17.15200043;1388.54800000;260.88800000;1.16400000;84.35600000;
07.12.2016 20:44:53;neon;         32;          6;         16;          4;          1;        384;      69120;   1.000;16.19200000;205.81200000;.00400000;2111.62400000;2340.16796875;2309.93188477;30.23600006;1529.06000000;579.18400000;2.57600000;116.83200000;
08.12.2016 12:03:36;neon;          8;          6;          8;          2;          1;         96;      17280;   1.000;3.49200000;65.66800000;.00000000;1055.47600000;1126.20800781;1125.77197266;.43599999;1027.62800000;27.12400000;.42800000;12.09200000;
08.12.2016 12:22:33;neon;         12;          6;          8;          3;          1;        144;      25920;   1.000;4.59200000;74.25200000;.00400000;1052.94000000;1133.66796875;1133.06396484;.60399997;1021.48000000;30.46000000;.65200000;20.44400000;
08.12.2016 12:53:36;neon;         16;          6;          8;          4;          1;        192;      34560;   1.000;4.77200000;135.14000000;.00000000;1691.42000000;1834.81994629;1830.01196289;4.80800009;1489.70800000;199.71200000;1.32000000;44.05200000;
08.12.2016 15:47:34;neon;          8;          6;          8;          2;          1;         96;      17280;   1.000;2.96000000;67.69600000;.00000000;1073.79200000;1145.95996094;1145.71997070;.23999999;1023.91200000;49.12800000;.43600000;12.29600000;            T;            T;
08.12.2016 16:11:23;neon;         12;          6;          8;          3;          1;        144;      25920;   1.000;3.69600000;85.14800000;.00000000;1334.14800000;1425.56799316;1424.94799805;.62000000;1192.92000000;140.04000000;.78000000;21.26800000;            T;            T;
08.12.2016 16:39:24;neon;         16;          6;          8;          4;          1;        192;      34560;   1.000;6.08000000;115.72400000;.00000000;1547.96400000;1672.35607910;1671.68005371;.67600000;1421.58000000;124.77600000;1.02000000;33.65600000;            T;            T;
# Stamp; Host; NProc; X; Y; Z; F; Total FE; Total M; End Time; Dur. Init; Stretch Sim; Int. Init; Main Sim; Total; Total (User); Total (System); ODE; Parabolic; FE; FE before Main Sim" 
07.12.2016 18:53:15;neon;          8;          6;          8;          2;          1;         96;      17280;   1.000;8.04400000;66.82800000;.00000000;1052.30000000;1129.03210449;1122.12805176;6.90399981;1027.33600000;24.24000000;.42000000;13.56400000;
07.12.2016 19:12:23;neon;         12;          6;          8;          3;          1;        144;      25920;   1.000;12.28800000;76.84400000;.00400000;1053.46400000;1144.24792480;1133.04797363;11.19999981;1026.76400000;25.70000000;.64800000;23.54000000;
07.12.2016 19:31:43;neon;         16;          6;          8;          4;          1;        192;      34560;   1.000;16.74800000;79.47600000;.00000000;1059.19600000;1157.32800293;1147.95202637;9.37600040;1021.82400000;36.39200000;.65200000;25.95600000;
07.12.2016 20:03:14;neon;         24;          6;         12;          4;          1;        288;      51840;   1.000;20.86000000;182.32000000;.00400000;1645.62800000;1852.82397461;1830.68395996;22.13999939;1388.49200000;255.46400000;1.18000000;80.30800000;
07.12.2016 20:44:53;neon;         32;          6;         16;          4;          1;        384;      69120;   1.000;15.79200000;213.03600000;.00400000;2168.02400000;2402.82788086;2384.42797852;18.39999962;1533.31600000;631.40800000;2.55600000;123.80400000;
08.12.2016 12:03:36;neon;          8;          6;          8;          2;          1;         96;      17280;   1.000;2.90800000;66.30400000;.00000000;1055.48000000;1126.18798828;1125.85998535;.32800001;1024.33600000;30.40400000;.40400000;12.09200000;
08.12.2016 12:22:33;neon;         12;          6;          8;          3;          1;        144;      25920;   1.000;4.33200000;74.73200000;.00400000;1052.93600000;1133.66796875;1132.96398926;.70400000;1024.97200000;26.96000000;.65600000;20.44400000;
08.12.2016 12:53:36;neon;         16;          6;          8;          4;          1;        192;      34560;   1.000;4.66400000;136.11200000;.00000000;1693.35200000;1837.51599121;1833.35998535;4.15600014;1486.82800000;204.54400000;1.28400000;45.82800000;
08.12.2016 15:47:34;neon;          8;          6;          8;          2;          1;         96;      17280;   1.000;2.94000000;67.70800000;.00000000;1073.80800000;1146.05200195;1145.70800781;.34400001;1024.93200000;48.12400000;.44000000;12.30000000;            T;            T;
08.12.2016 16:11:23;neon;         12;          6;          8;          3;          1;        144;      25920;   1.000;4.18000000;84.79200000;.00000000;1334.04400000;1425.49609375;1424.98803711;.50800002;1169.99200000;162.83200000;.79200000;21.26800000;            T;            T;
08.12.2016 16:39:24;neon;         16;          6;          8;          4;          1;        192;      34560;   1.000;6.49200000;115.48400000;.00000000;1546.99600000;1671.68395996;1671.02001953;.66399997;1425.10800000;120.28000000;1.01200000;33.93200000;            T;            T;
# Stamp; Host; NProc; X; Y; Z; F; Total FE; Total M; End Time; Dur. Init; Stretch Sim; Int. Init; Main Sim; Total; Total (User); Total (System); ODE; Parabolic; FE; FE before Main Sim" 
07.12.2016 18:53:15;neon;          8;          6;          8;          2;          1;         96;      17280;   1.000;8.04000000;66.84000000;.00400000;1052.30000000;1129.06799316;1122.30395508;6.76399994;1025.89600000;25.67200000;.43200000;13.56400000;
07.12.2016 19:12:23;neon;         12;          6;          8;          3;          1;        144;      25920;   1.000;12.32000000;76.83600000;.00000000;1053.47200000;1144.32006836;1133.76403809;10.55599976;1027.83600000;24.66000000;.64000000;23.55600000;
07.12.2016 19:31:43;neon;         16;          6;          8;          4;          1;        192;      34560;   1.000;16.86800000;79.46800000;.00000000;1059.20000000;1157.50402832;1146.37597656;11.12800026;1023.84000000;34.36400000;.64400000;25.95600000;
07.12.2016 20:03:14;neon;         24;          6;         12;          4;          1;        288;      51840;   1.000;20.66400000;193.62800000;.00000000;1657.13200000;1875.40808105;1855.06005859;20.34799957;1386.30800000;269.10800000;1.12800000;90.92000000;
07.12.2016 20:44:54;neon;         32;          6;         16;          4;          1;        384;      69120;   1.000;16.20800000;201.67200000;.00400000;2115.56800000;2338.14819336;2306.13208008;32.01599884;1529.88800000;582.40400000;2.54000000;113.36000000;
08.12.2016 12:03:36;neon;          8;          6;          8;          2;          1;         96;      17280;   1.000;2.93200000;66.30800000;.00000000;1055.48000000;1126.22009277;1125.88403320;.33600000;1025.12000000;29.63600000;.42400000;12.09200000;
08.12.2016 12:22:33;neon;         12;          6;          8;          3;          1;        144;      25920;   1.000;4.30800000;74.63200000;.00400000;1052.94000000;1133.74792480;1133.16796875;.57999998;1023.27600000;28.65600000;.65200000;20.44400000;
08.12.2016 12:53:36;neon;         16;          6;          8;          4;          1;        192;      34560;   1.000;4.74800000;135.34800000;.00000000;1696.18000000;1839.65197754;1835.79199219;3.85999990;1485.28400000;209.00000000;1.26000000;43.71600000;
08.12.2016 15:47:34;neon;          8;          6;          8;          2;          1;         96;      17280;   1.000;2.89600000;67.69600000;.00000000;1073.80400000;1145.97204590;1145.55603027;.41600001;1031.94000000;41.08000000;.44000000;12.29600000;            T;            T;
08.12.2016 16:11:23;neon;         12;          6;          8;          3;          1;        144;      25920;   1.000;4.27600000;84.75200000;.00400000;1334.25200000;1425.74401855;1425.08398438;.66000003;1147.75600000;185.30400000;.78800000;21.27200000;            T;            T;
08.12.2016 16:39:24;neon;         16;          6;          8;          4;          1;        192;      34560;   1.000;6.28000000;115.00400000;.00000000;1547.32000000;1671.41601562;1670.57604980;.83999997;1424.32800000;121.42000000;1.02400000;33.67600000;            T;            T;
# Stamp; Host; NProc; X; Y; Z; F; Total FE; Total M; End Time; Dur. Init; Stretch Sim; Int. Init; Main Sim; Total; Total (User); Total (System); ODE; Parabolic; FE; FE before Main Sim" 
07.12.2016 18:53:15;neon;          8;          6;          8;          2;          1;         96;      17280;   1.000;8.30800000;66.50000000;.00000000;1052.30000000;1128.97192383;1122.04394531;6.92799997;1033.62400000;17.95600000;.40800000;13.56000000;
07.12.2016 19:12:23;neon;         12;          6;          8;          3;          1;        144;      25920;   1.000;12.24400000;76.85200000;.00000000;1053.46400000;1144.28405762;1133.69604492;10.58800030;1029.27200000;23.21200000;.65200000;23.54400000;
07.12.2016 19:31:43;neon;         16;          6;          8;          4;          1;        192;      34560;   1.000;16.74800000;79.47600000;.00000000;1059.19600000;1157.33190918;1146.73596191;10.59599972;1023.66800000;34.54800000;.66000000;25.95600000;
07.12.2016 20:03:14;neon;         24;          6;         12;          4;          1;        288;      51840;   1.000;20.72000000;188.84800000;.00400000;1652.88000000;1866.41198730;1853.62402344;12.78800011;1393.58000000;257.49600000;1.17200000;86.52800000;
07.12.2016 20:44:53;neon;         32;          6;         16;          4;          1;        384;      69120;   1.000;16.60400000;214.71600000;.00400000;2192.40000000;2429.06396484;2420.62792969;8.43599987;1519.77200000;669.22800000;2.69200000;124.73600000;
08.12.2016 12:03:36;neon;          8;          6;          8;          2;          1;         96;      17280;   1.000;2.88000000;66.31600000;.00000000;1055.48400000;1126.16809082;1125.81604004;.35200000;1021.25200000;33.50800000;.42400000;12.08800000;
08.12.2016 12:22:33;neon;         12;          6;          8;          3;          1;        144;      25920;   1.000;4.38000000;74.63200000;.00000000;1052.93600000;1133.83996582;1133.17602539;.66399997;1027.80000000;24.13600000;.65600000;20.44800000;
08.12.2016 12:53:36;neon;         16;          6;          8;          4;          1;        192;      34560;   1.000;5.85200000;135.80400000;.00400000;1697.06800000;1841.82397461;1839.68395996;2.14000010;1460.86400000;234.18800000;1.28000000;45.98000000;
08.12.2016 15:47:34;neon;          8;          6;          8;          2;          1;         96;      17280;   1.000;2.97600000;67.68000000;.00000000;1073.80400000;1146.00793457;1145.70397949;.30399999;1022.68000000;50.33200000;.43600000;12.30000000;            T;            T;
08.12.2016 16:11:23;neon;         12;          6;          8;          3;          1;        144;      25920;   1.000;3.74800000;85.02800000;.00000000;1334.20800000;1425.50390625;1424.99194336;.51200002;1170.88400000;162.13600000;.79200000;21.22400000;            T;            T;
08.12.2016 16:39:24;neon;         16;          6;          8;          4;          1;        192;      34560;   1.000;6.05600000;115.95200000;.00400000;1547.58400000;1672.36791992;1671.31994629;1.04799998;1420.66800000;125.31600000;1.01600000;33.96800000;            T;            T;
# Stamp; Host; NProc; X; Y; Z; F; Total FE; Total M; End Time; Dur. Init; Stretch Sim; Int. Init; Main Sim; Total; Total (User); Total (System); ODE; Parabolic; FE; FE before Main Sim" 
07.12.2016 19:12:23;neon;         12;          6;          8;          3;          1;        144;      25920;   1.000;12.22800000;76.84800000;.00000000;1053.46800000;1144.25988770;1133.81994629;10.43999958;1022.22000000;30.24800000;.65600000;23.55600000;
07.12.2016 19:31:43;neon;         16;          6;          8;          4;          1;        192;      34560;   1.000;16.77600000;79.46800000;.00400000;1059.19600000;1157.47192383;1143.14794922;14.32400036;1025.09600000;33.10000000;.65200000;25.95600000;
07.12.2016 20:03:14;neon;         24;          6;         12;          4;          1;        288;      51840;   1.000;20.88400000;194.51200000;.00000000;1655.98000000;1874.69592285;1859.80395508;14.89200020;1389.60800000;264.59200000;1.17600000;93.04400000;
07.12.2016 20:44:53;neon;         32;          6;         16;          4;          1;        384;      69120;   1.000;15.91200000;206.41200000;.00000000;2228.10400000;2456.76806641;2445.21606445;11.55200005;1518.34800000;706.35600000;2.70400000;116.91600000;
08.12.2016 12:22:33;neon;         12;          6;          8;          3;          1;        144;      25920;   1.000;4.65200000;74.24800000;.00000000;1052.94000000;1133.47595215;1132.94396973;.53200001;1029.53200000;22.38400000;.65200000;20.44800000;
08.12.2016 12:53:36;neon;         16;          6;          8;          4;          1;        192;      34560;   1.000;4.76800000;137.87200000;.00400000;1689.35600000;1835.42797852;1830.94799805;4.48000002;1439.96400000;247.41600000;1.31600000;46.63200000;
08.12.2016 16:11:23;neon;         12;          6;          8;          3;          1;        144;      25920;   1.000;3.78000000;85.03600000;.00400000;1334.20000000;1425.49597168;1425.00402832;.49200001;1141.35200000;191.65200000;.78000000;21.26000000;            T;            T;
08.12.2016 16:39:24;neon;         16;          6;          8;          4;          1;        192;      34560;   1.000;6.68400000;115.38000000;.00400000;1547.62400000;1672.50000000;1671.37597656;1.12399995;1445.60800000;100.42000000;1.01200000;33.97600000;            T;            T;
# Stamp; Host; NProc; X; Y; Z; F; Total FE; Total M; End Time; Dur. Init; Stretch Sim; Int. Init; Main Sim; Total; Total (User); Total (System); ODE; Parabolic; FE; FE before Main Sim" 
07.12.2016 19:12:23;neon;         12;          6;          8;          3;          1;        144;      25920;   1.000;12.26400000;76.84800000;.00000000;1053.46800000;1144.27209473;1133.59204102;10.68000031;1023.55200000;28.91600000;.64800000;23.54800000;
07.12.2016 19:31:43;neon;         16;          6;          8;          4;          1;        192;      34560;   1.000;16.89200000;79.47200000;.00000000;1059.20000000;1157.53601074;1145.51196289;12.02400017;1023.45600000;34.75200000;.64800000;25.95600000;
07.12.2016 20:03:14;neon;         24;          6;         12;          4;          1;        288;      51840;   1.000;20.59200000;182.11600000;.00000000;1636.21200000;1842.99609375;1821.48803711;21.50799942;1360.17600000;274.22800000;1.16000000;87.49200000;
07.12.2016 20:44:53;neon;         32;          6;         16;          4;          1;        384;      69120;   1.000;16.56000000;200.88800000;.00400000;2183.77200000;2407.65991211;2385.80395508;21.85600090;1525.53600000;654.86400000;2.62800000;114.05200000;
08.12.2016 12:22:33;neon;         12;          6;          8;          3;          1;        144;      25920;   1.000;4.01600000;75.04800000;.00400000;1052.94000000;1133.59997559;1133.19201660;.40799999;1024.19600000;27.74400000;.65200000;20.44800000;
08.12.2016 12:53:36;neon;         16;          6;          8;          4;          1;        192;      34560;   1.000;5.24800000;135.40000000;.00000000;1681.55600000;1825.57592773;1820.58398438;4.99200010;1442.12800000;237.54400000;1.20400000;45.89600000;
08.12.2016 16:11:23;neon;         12;          6;          8;          3;          1;        144;      25920;   1.000;3.74400000;85.18000000;.00000000;1334.21600000;1425.64392090;1425.09997559;.54400003;1177.12400000;155.86800000;.78400000;21.26800000;            T;            T;
08.12.2016 16:39:24;neon;         16;          6;          8;          4;          1;        192;      34560;   1.000;5.93600000;115.85200000;.00400000;1546.37200000;1670.82397461;1670.11596680;.70800000;1433.85200000;110.96800000;1.03600000;33.83600000;            T;            T;
# Stamp; Host; NProc; X; Y; Z; F; Total FE; Total M; End Time; Dur. Init; Stretch Sim; Int. Init; Main Sim; Total; Total (User); Total (System); ODE; Parabolic; FE; FE before Main Sim" 
07.12.2016 19:12:23;neon;         12;          6;          8;          3;          1;        144;      25920;   1.000;12.24400000;76.85600000;.00000000;1053.46800000;1144.26403809;1133.61999512;10.64400005;1021.12000000;31.35200000;.66000000;23.55600000;
07.12.2016 19:31:43;neon;         16;          6;          8;          4;          1;        192;      34560;   1.000;16.86800000;79.47600000;.00000000;1059.19600000;1157.53210449;1143.97204590;13.56000042;1025.69600000;32.52000000;.64000000;25.96000000;
07.12.2016 20:03:14;neon;         24;          6;         12;          4;          1;        288;      51840;   1.000;20.70000000;194.18800000;.00400000;1658.55200000;1877.34399414;1859.53601074;17.80800056;1396.78400000;259.99600000;1.19200000;91.26400000;
07.12.2016 20:44:53;neon;         32;          6;         16;          4;          1;        384;      69120;   1.000;16.46400000;216.55200000;.00400000;2108.87200000;2347.07617188;2336.35205078;10.72399998;1522.12000000;583.54000000;2.46800000;126.85600000;
08.12.2016 12:22:33;neon;         12;          6;          8;          3;          1;        144;      25920;   1.000;4.71600000;74.16000000;.00400000;1052.93600000;1133.72399902;1133.12805176;.59600002;1024.82800000;27.14800000;.65600000;20.44400000;
08.12.2016 12:53:36;neon;         16;          6;          8;          4;          1;        192;      34560;   1.000;4.77600000;135.06800000;.00000000;1694.46800000;1837.71203613;1833.70397949;4.00799990;1495.43600000;197.04800000;1.27200000;44.30000000;
08.12.2016 16:11:23;neon;         12;          6;          8;          3;          1;        144;      25920;   1.000;4.10400000;84.90800000;.00000000;1334.12400000;1425.52807617;1425.02001953;.50800002;1162.28800000;170.58800000;.78400000;21.27200000;            T;            T;
08.12.2016 16:39:24;neon;         16;          6;          8;          4;          1;        192;      34560;   1.000;6.68800000;114.93600000;.00400000;1547.87600000;1672.20800781;1671.42395020;.78399998;1420.72400000;125.50800000;1.01600000;33.86000000;            T;            T;
# Stamp; Host; NProc; X; Y; Z; F; Total FE; Total M; End Time; Dur. Init; Stretch Sim; Int. Init; Main Sim; Total; Total (User); Total (System); ODE; Parabolic; FE; FE before Main Sim" 
07.12.2016 19:12:23;neon;         12;          6;          8;          3;          1;        144;      25920;   1.000;12.26800000;76.84400000;.00000000;1053.46800000;1144.28405762;1133.76403809;10.52000046;1028.75600000;23.71600000;.64400000;23.55600000;
07.12.2016 19:31:43;neon;         16;          6;          8;          4;          1;        192;      34560;   1.000;16.82000000;79.47600000;.00000000;1059.19600000;1157.41601562;1149.09997559;8.31599998;1026.34400000;31.85200000;.65600000;25.96000000;
07.12.2016 20:03:14;neon;         24;          6;         12;          4;          1;        288;      51840;   1.000;20.76800000;193.34800000;.00000000;1653.26800000;1870.68798828;1855.41198730;15.27600002;1396.22800000;255.26000000;1.18800000;91.78400000;
07.12.2016 20:44:53;neon;         32;          6;         16;          4;          1;        384;      69120;   1.000;15.10000000;209.43200000;.00400000;2224.78800000;2455.64794922;2431.89990234;23.74799919;1533.77200000;687.62000000;2.68000000;119.33600000;
08.12.2016 12:22:33;neon;         12;          6;          8;          3;          1;        144;      25920;   1.000;3.93200000;75.04000000;.00000000;1052.94000000;1133.66406250;1133.10400391;.56000000;1023.12000000;28.83600000;.65600000;20.44800000;
08.12.2016 12:53:36;neon;         16;          6;          8;          4;          1;        192;      34560;   1.000;4.71200000;134.70000000;.00400000;1693.77200000;1836.75598145;1831.93200684;4.82399988;1490.96000000;200.87600000;1.27200000;44.78800000;
08.12.2016 16:11:23;neon;         12;          6;          8;          3;          1;        144;      25920;   1.000;3.80000000;85.18800000;.00000000;1334.28800000;1425.73193359;1425.25598145;.47600001;1150.65600000;182.41600000;.79200000;21.26800000;            T;            T;
08.12.2016 16:39:24;neon;         16;          6;          8;          4;          1;        192;      34560;   1.000;6.26800000;115.74800000;.00000000;1548.82800000;1673.77197266;1672.46801758;1.30400002;1424.46400000;122.77200000;1.02800000;33.92000000;            T;            T;
# Stamp; Host; NProc; X; Y; Z; F; Total FE; Total M; End Time; Dur. Init; Stretch Sim; Int. Init; Main Sim; Total; Total (User); Total (System); ODE; Parabolic; FE; FE before Main Sim" 
07.12.2016 19:31:43;neon;         16;          6;          8;          4;          1;        192;      34560;   1.000;16.90400000;79.43600000;.00000000;1059.19600000;1157.51196289;1142.52795410;14.98400021;1030.37600000;27.84800000;.64800000;25.96000000;
07.12.2016 20:03:14;neon;         24;          6;         12;          4;          1;        288;      51840;   1.000;20.70000000;193.18000000;.00000000;1659.82000000;1877.76000977;1858.52001953;19.23999977;1389.91200000;268.07200000;1.16000000;93.63200000;
07.12.2016 20:44:54;neon;         32;          6;         16;          4;          1;        384;      69120;   1.000;16.24400000;214.76800000;.00000000;2236.11600000;2473.08789062;2461.49194336;11.59599972;1525.71600000;706.91600000;2.68000000;124.94800000;
08.12.2016 12:53:36;neon;         16;          6;          8;          4;          1;        192;      34560;   1.000;4.78800000;137.43600000;.00400000;1694.96000000;1840.38806152;1838.07604980;2.31200004;1466.16800000;226.77600000;1.30000000;46.16400000;
08.12.2016 16:39:24;neon;         16;          6;          8;          4;          1;        192;      34560;   1.000;6.19600000;114.73200000;.00400000;1547.34400000;1671.09204102;1670.26403809;.82800001;1423.87600000;121.89200000;1.04400000;33.20400000;            T;            T;
# Stamp; Host; NProc; X; Y; Z; F; Total FE; Total M; End Time; Dur. Init; Stretch Sim; Int. Init; Main Sim; Total; Total (User); Total (System); ODE; Parabolic; FE; FE before Main Sim" 
07.12.2016 19:31:43;neon;         16;          6;          8;          4;          1;        192;      34560;   1.000;16.79600000;79.48000000;.00000000;1059.20000000;1157.37597656;1145.32397461;12.05200005;1022.99200000;35.20000000;.65200000;25.95600000;
07.12.2016 20:03:14;neon;         24;          6;         12;          4;          1;        288;      51840;   1.000;20.84800000;194.25600000;.00400000;1658.01600000;1876.59204102;1861.36401367;15.22799969;1390.24800000;266.00800000;1.18000000;92.58400000;
07.12.2016 20:44:53;neon;         32;          6;         16;          4;          1;        384;      69120;   1.000;15.26400000;218.22000000;.00400000;2234.82400000;2474.83618164;2463.63208008;11.20400047;1522.78400000;708.53200000;2.70000000;127.72000000;
08.12.2016 12:53:36;neon;         16;          6;          8;          4;          1;        192;      34560;   1.000;5.17600000;136.32000000;.00400000;1699.57600000;1844.30798340;1840.81201172;3.49600005;1482.62000000;214.96000000;1.30400000;45.58400000;
08.12.2016 16:39:24;neon;         16;          6;          8;          4;          1;        192;      34560;   1.000;5.91600000;115.61600000;.00400000;1547.32400000;1671.68798828;1670.80395508;.88400000;1421.26400000;124.48800000;1.01200000;33.77600000;            T;            T;
# Stamp; Host; NProc; X; Y; Z; F; Total FE; Total M; End Time; Dur. Init; Stretch Sim; Int. Init; Main Sim; Total; Total (User); Total (System); ODE; Parabolic; FE; FE before Main Sim" 
07.12.2016 19:31:43;neon;         16;          6;          8;          4;          1;        192;      34560;   1.000;16.84400000;79.47600000;.00000000;1059.19600000;1157.51196289;1142.54394531;14.96800041;1034.40000000;23.78800000;.64400000;25.95600000;
07.12.2016 20:03:14;neon;         24;          6;         12;          4;          1;        288;      51840;   1.000;20.73600000;195.58800000;.00000000;1658.71600000;1879.11999512;1858.63598633;20.48399925;1388.64000000;268.40000000;1.15200000;91.82000000;
07.12.2016 20:44:53;neon;         32;          6;         16;          4;          1;        384;      69120;   1.000;16.78400000;213.88800000;.00000000;2239.11600000;2475.93212891;2467.96801758;7.96400023;1515.40400000;720.24800000;2.73200000;123.88000000;
08.12.2016 12:53:36;neon;         16;          6;          8;          4;          1;        192;      34560;   1.000;5.47200000;135.00400000;.00000000;1701.77200000;1845.71594238;1842.08398438;3.63199997;1483.67200000;216.17200000;1.22800000;46.09200000;
08.12.2016 16:39:24;neon;         16;          6;          8;          4;          1;        192;      34560;   1.000;6.54000000;114.95200000;.00000000;1547.46400000;1671.79602051;1670.95202637;.84399998;1429.44000000;116.42400000;1.03200000;33.60800000;            T;            T;
# Stamp; Host; NProc; X; Y; Z; F; Total FE; Total M; End Time; Dur. Init; Stretch Sim; Int. Init; Main Sim; Total; Total (User); Total (System); ODE; Parabolic; FE; FE before Main Sim" 
07.12.2016 19:31:43;neon;         16;          6;          8;          4;          1;        192;      34560;   1.000;16.78800000;79.48000000;.00000000;1059.19600000;1157.47204590;1143.98803711;13.48400021;1022.92000000;35.32400000;.64400000;25.96000000;
07.12.2016 20:03:14;neon;         24;          6;         12;          4;          1;        288;      51840;   1.000;21.00400000;196.99600000;.00000000;1657.54000000;1878.90002441;1861.20397949;17.69599915;1394.21600000;261.50800000;1.14000000;93.72400000;
07.12.2016 20:44:53;neon;         32;          6;         16;          4;          1;        384;      69120;   1.000;15.78400000;213.90000000;.00000000;2223.85200000;2460.28002930;2452.02807617;8.25199986;1512.00800000;708.38800000;2.74800000;124.38400000;
08.12.2016 12:53:36;neon;         16;          6;          8;          4;          1;        192;      34560;   1.000;5.95600000;133.95200000;.00000000;1699.30000000;1842.49194336;1839.88793945;2.60400009;1456.43600000;240.88400000;1.29600000;46.78800000;
08.12.2016 16:39:24;neon;         16;          6;          8;          4;          1;        192;      34560;   1.000;6.32000000;115.02800000;.00000000;1546.99200000;1671.17602539;1670.37597656;.80000001;1422.33600000;123.08800000;1.02800000;33.60400000;            T;            T;
# Stamp; Host; NProc; X; Y; Z; F; Total FE; Total M; End Time; Dur. Init; Stretch Sim; Int. Init; Main Sim; Total; Total (User); Total (System); ODE; Parabolic; FE; FE before Main Sim" 
07.12.2016 20:03:14;neon;         24;          6;         12;          4;          1;        288;      51840;   1.000;20.84400000;194.60000000;.00000000;1658.78400000;1877.59606934;1861.98400879;15.61200047;1391.38400000;265.64400000;1.16800000;91.21200000;
07.12.2016 20:44:53;neon;         32;          6;         16;          4;          1;        384;      69120;   1.000;16.96800000;208.21600000;.00000000;2134.12000000;2365.00000000;2354.83593750;10.16399956;1512.90800000;617.89600000;2.52400000;120.68800000;
# Stamp; Host; NProc; X; Y; Z; F; Total FE; Total M; End Time; Dur. Init; Stretch Sim; Int. Init; Main Sim; Total; Total (User); Total (System); ODE; Parabolic; FE; FE before Main Sim" 
07.12.2016 20:03:14;neon;         24;          6;         12;          4;          1;        288;      51840;   1.000;20.78000000;189.04800000;.00400000;1659.85200000;1873.56396484;1855.29602051;18.26799965;1390.40800000;267.64400000;1.19600000;91.57200000;
07.12.2016 20:44:53;neon;         32;          6;         16;          4;          1;        384;      69120;   1.000;16.51600000;218.57600000;.00000000;2168.06800000;2409.28393555;2382.73999023;26.54400063;1481.97600000;682.82800000;2.48000000;128.40800000;
# Stamp; Host; NProc; X; Y; Z; F; Total FE; Total M; End Time; Dur. Init; Stretch Sim; Int. Init; Main Sim; Total; Total (User); Total (System); ODE; Parabolic; FE; FE before Main Sim" 
07.12.2016 20:03:14;neon;         24;          6;         12;          4;          1;        288;      51840;   1.000;20.73200000;192.92800000;.00000000;1656.40800000;1873.46008301;1855.90405273;17.55599976;1395.23600000;259.42400000;1.15600000;91.16800000;
07.12.2016 20:44:53;neon;         32;          6;         16;          4;          1;        384;      69120;   1.000;15.28400000;216.79600000;.00000000;2235.55600000;2473.81201172;2462.45190430;11.35999966;1524.24400000;707.83600000;2.70400000;126.78000000;
# Stamp; Host; NProc; X; Y; Z; F; Total FE; Total M; End Time; Dur. Init; Stretch Sim; Int. Init; Main Sim; Total; Total (User); Total (System); ODE; Parabolic; FE; FE before Main Sim" 
07.12.2016 20:03:14;neon;         24;          6;         12;          4;          1;        288;      51840;   1.000;20.58000000;182.25600000;.00400000;1620.63200000;1827.47607422;1802.19201660;25.28400040;1325.91200000;292.98400000;1.15200000;85.86800000;
07.12.2016 20:44:54;neon;         32;          6;         16;          4;          1;        384;      69120;   1.000;16.31200000;216.73200000;.00400000;2202.37600000;2441.80786133;2425.79589844;16.01199913;1528.73200000;670.34400000;2.54000000;128.04000000;
# Stamp; Host; NProc; X; Y; Z; F; Total FE; Total M; End Time; Dur. Init; Stretch Sim; Int. Init; Main Sim; Total; Total (User); Total (System); ODE; Parabolic; FE; FE before Main Sim" 
07.12.2016 20:03:14;neon;         24;          6;         12;          4;          1;        288;      51840;   1.000;20.67200000;193.08400000;.00400000;1656.24800000;1873.78405762;1860.05200195;13.73200035;1395.65200000;258.84400000;1.14400000;90.77600000;
07.12.2016 20:44:53;neon;         32;          6;         16;          4;          1;        384;      69120;   1.000;14.83600000;217.12400000;.00000000;2155.03600000;2393.41601562;2372.37597656;21.04000092;1525.39600000;626.26000000;2.52800000;127.18000000;
# Stamp; Host; NProc; X; Y; Z; F; Total FE; Total M; End Time; Dur. Init; Stretch Sim; Int. Init; Main Sim; Total; Total (User); Total (System); ODE; Parabolic; FE; FE before Main Sim" 
07.12.2016 20:03:14;neon;         24;          6;         12;          4;          1;        288;      51840;   1.000;20.68400000;184.05600000;.00000000;1659.76800000;1868.45202637;1856.08801270;12.36400032;1410.70800000;247.32800000;1.12400000;81.53600000;
07.12.2016 20:44:54;neon;         32;          6;         16;          4;          1;        384;      69120;   1.000;16.60800000;214.99600000;.00400000;2183.40000000;2420.79199219;2386.38403320;34.40800095;1532.67600000;647.28000000;2.67200000;126.80400000;
# Stamp; Host; NProc; X; Y; Z; F; Total FE; Total M; End Time; Dur. Init; Stretch Sim; Int. Init; Main Sim; Total; Total (User); Total (System); ODE; Parabolic; FE; FE before Main Sim" 
07.12.2016 20:03:14;neon;         24;          6;         12;          4;          1;        288;      51840;   1.000;20.74000000;196.70000000;.00000000;1655.83200000;1876.63195801;1856.49194336;20.13999939;1391.35600000;262.67600000;1.17200000;93.25200000;
07.12.2016 20:44:53;neon;         32;          6;         16;          4;          1;        384;      69120;   1.000;16.03600000;216.29200000;.00400000;2194.53600000;2433.36010742;2417.26806641;16.09199905;1532.81200000;658.48400000;2.44800000;127.02800000;
# Stamp; Host; NProc; X; Y; Z; F; Total FE; Total M; End Time; Dur. Init; Stretch Sim; Int. Init; Main Sim; Total; Total (User); Total (System); ODE; Parabolic; FE; FE before Main Sim" 
07.12.2016 20:03:14;neon;         24;          6;         12;          4;          1;        288;      51840;   1.000;20.66400000;193.95600000;.00000000;1655.07600000;1873.00793457;1862.54797363;10.46000004;1389.71200000;263.62400000;1.19600000;91.93600000;
07.12.2016 20:44:53;neon;         32;          6;         16;          4;          1;        384;      69120;   1.000;14.66800000;213.68000000;.00400000;2197.94000000;2432.20800781;2416.48388672;15.72399998;1498.44800000;696.06800000;2.68800000;124.56800000;
# Stamp; Host; NProc; X; Y; Z; F; Total FE; Total M; End Time; Dur. Init; Stretch Sim; Int. Init; Main Sim; Total; Total (User); Total (System); ODE; Parabolic; FE; FE before Main Sim" 
07.12.2016 20:44:53;neon;         32;          6;         16;          4;          1;        384;      69120;   1.000;16.13200000;201.51600000;.00400000;2217.82800000;2440.13598633;2432.20410156;7.93200016;1517.31200000;697.11200000;2.66000000;111.59600000;
# Stamp; Host; NProc; X; Y; Z; F; Total FE; Total M; End Time; Dur. Init; Stretch Sim; Int. Init; Main Sim; Total; Total (User); Total (System); ODE; Parabolic; FE; FE before Main Sim" 
07.12.2016 20:44:53;neon;         32;          6;         16;          4;          1;        384;      69120;   1.000;15.97600000;208.84800000;.00000000;2137.76000000;2368.85595703;2340.71191406;28.14399910;1534.13600000;600.24000000;2.49200000;118.96800000;
# Stamp; Host; NProc; X; Y; Z; F; Total FE; Total M; End Time; Dur. Init; Stretch Sim; Int. Init; Main Sim; Total; Total (User); Total (System); ODE; Parabolic; FE; FE before Main Sim" 
07.12.2016 20:44:53;neon;         32;          6;         16;          4;          1;        384;      69120;   1.000;16.40000000;203.84400000;.00000000;2232.32000000;2459.23193359;2444.79199219;14.43999958;1492.89600000;736.00000000;2.65600000;115.48800000;
# Stamp; Host; NProc; X; Y; Z; F; Total FE; Total M; End Time; Dur. Init; Stretch Sim; Int. Init; Main Sim; Total; Total (User); Total (System); ODE; Parabolic; FE; FE before Main Sim" 
07.12.2016 20:44:53;neon;         32;          6;         16;          4;          1;        384;      69120;   1.000;16.68800000;216.46800000;.00400000;2088.02400000;2327.38378906;2296.53588867;30.84799957;1516.27600000;568.56800000;2.39200000;126.78800000;
# Stamp; Host; NProc; X; Y; Z; F; Total FE; Total M; End Time; Dur. Init; Stretch Sim; Int. Init; Main Sim; Total; Total (User); Total (System); ODE; Parabolic; FE; FE before Main Sim" 
07.12.2016 20:44:53;neon;         32;          6;         16;          4;          1;        384;      69120;   1.000;14.72000000;214.56000000;.00400000;2171.99600000;2406.97607422;2381.90795898;25.06800079;1497.88000000;670.90800000;2.42000000;125.06800000;
# Stamp; Host; NProc; X; Y; Z; F; Total FE; Total M; End Time; Dur. Init; Stretch Sim; Int. Init; Main Sim; Total; Total (User); Total (System); ODE; Parabolic; FE; FE before Main Sim" 
07.12.2016 20:44:53;neon;         32;          6;         16;          4;          1;        384;      69120;   1.000;15.83600000;209.36800000;.00000000;2069.31600000;2301.09204102;2262.39599609;38.69599915;1511.55200000;554.45200000;2.45600000;119.61200000;
# Stamp; Host; NProc; X; Y; Z; F; Total FE; Total M; End Time; Dur. Init; Stretch Sim; Int. Init; Main Sim; Total; Total (User); Total (System); ODE; Parabolic; FE; FE before Main Sim" 
07.12.2016 20:44:53;neon;         32;          6;         16;          4;          1;        384;      69120;   1.000;15.87600000;215.70400000;.00000000;2235.53200000;2473.37597656;2460.94799805;12.42800045;1503.98400000;728.13600000;2.69600000;127.04000000;
# Stamp; Host; NProc; X; Y; Z; F; Total FE; Total M; End Time; Dur. Init; Stretch Sim; Int. Init; Main Sim; Total; Total (User); Total (System); ODE; Parabolic; FE; FE before Main Sim" 
07.12.2016 20:44:53;neon;         32;          6;         16;          4;          1;        384;      69120;   1.000;15.94000000;211.64400000;.00000000;2233.17200000;2467.32006836;2455.53198242;11.78800011;1525.13600000;704.58000000;2.74800000;121.41600000;
